#
# There is insufficient memory for the Java Runtime Environment to continue.
# Native memory allocation (mmap) failed to map 2013265920 bytes. Error detail: G1 virtual space
# Possible reasons:
#   The system is out of physical RAM or swap space
#   This process is running with CompressedOops enabled, and the Java Heap may be blocking the growth of the native heap
# Possible solutions:
#   Reduce memory load on the system
#   Increase physical memory or swap space
#   Check if swap backing store is full
#   Decrease Java heap size (-Xmx/-Xms)
#   Decrease number of Java threads
#   Decrease Java thread stack sizes (-Xss)
#   Set larger code cache with -XX:ReservedCodeCacheSize=
#   JVM is running with Zero Based Compressed Oops mode in which the Java heap is
#     placed in the first 32GB address space. The Java Heap base address is the
#     maximum limit for the native heap growth. Please use -XX:HeapBaseMinAddress
#     to set the Java Heap base and to place the Java Heap above 32GB virtual address.
# This output file may be truncated or incomplete.
#
#  Out of Memory Error (os_windows.cpp:3703), pid=27032, tid=25008
#
# JRE version: Java(TM) SE Runtime Environment (23.0.1+11) (build 23.0.1+11-39)
# Java VM: Java HotSpot(TM) 64-Bit Server VM (23.0.1+11-39, mixed mode, sharing, tiered, compressed oops, compressed class ptrs, g1 gc, windows-amd64)
# No core dump will be written. Minidumps are not enabled by default on client versions of Windows
#

---------------  S U M M A R Y ------------

Command Line: --add-opens=java.base/java.lang=ALL-UNNAMED --add-opens=java.base/java.lang.invoke=ALL-UNNAMED --add-opens=java.base/java.util=ALL-UNNAMED --add-opens=java.prefs/java.util.prefs=ALL-UNNAMED --add-exports=jdk.compiler/com.sun.tools.javac.api=ALL-UNNAMED --add-exports=jdk.compiler/com.sun.tools.javac.util=ALL-UNNAMED --add-opens=java.base/java.util=ALL-UNNAMED --add-opens=java.prefs/java.util.prefs=ALL-UNNAMED --add-opens=java.base/java.nio.charset=ALL-UNNAMED --add-opens=java.base/java.net=ALL-UNNAMED --add-opens=java.base/java.util.concurrent=ALL-UNNAMED --add-opens=java.base/java.util.concurrent.atomic=ALL-UNNAMED --add-opens=java.xml/javax.xml.namespace=ALL-UNNAMED --add-opens=java.base/java.time=ALL-UNNAMED -XX:MaxMetaspaceSize=4G -XX:ReservedCodeCacheSize=512m -XX:+HeapDumpOnOutOfMemoryError -Xmx8G -Dfile.encoding=UTF-8 -Duser.country=IN -Duser.language=en -Duser.variant -javaagent:C:\Users\91892\.gradle\wrapper\dists\gradle-9.3.1-all\9ot9r568e8zfvvd4mn8rbu1j0\gradle-9.3.1\lib\agents\gradle-instrumentation-agent-9.3.1.jar org.gradle.launcher.daemon.bootstrap.GradleDaemon 9.3.1

Host: 12th Gen Intel(R) Core(TM) i3-1215U, 8 cores, 7G,  Windows 11 , 64 bit Build 26100 (10.0.26100.9444)
Time: Fri Sep 11 02:04:43 2026 India Standard Time elapsed time: 9199.615518 seconds (0d 2h 33m 19s)

---------------  T H R E A D  ---------------

Current thread (0x000001d7e5ad94c0):  VMThread "VM Thread"          [id=25008, stack(0x0000000763f00000,0x0000000764000000) (1024K)]

Stack: [0x0000000763f00000,0x0000000764000000]
Native frames: (J=compiled Java code, j=interpreted, Vv=VM code, C=native code)
V  [jvm.dll+0x6e08b9]  (no source info available)
V  [jvm.dll+0x87dc83]  (no source info available)
V  [jvm.dll+0x88010e]  (no source info available)
V  [jvm.dll+0x8807e3]  (no source info available)
V  [jvm.dll+0x27aee6]  (no source info available)
V  [jvm.dll+0x6dd1c5]  (no source info available)
V  [jvm.dll+0x6d104a]  (no source info available)
V  [jvm.dll+0x35b3ea]  (no source info available)
V  [jvm.dll+0x3637f6]  (no source info available)
V  [jvm.dll+0x34fd5e]  (no source info available)
V  [jvm.dll+0x34fff8]  (no source info available)
V  [jvm.dll+0x3289cc]  (no source info available)
V  [jvm.dll+0x328a5a]  (no source info available)
V  [jvm.dll+0x374c92]  (no source info available)
V  [jvm.dll+0x373392]  (no source info available)
V  [jvm.dll+0x3281a7]  (no source info available)
V  [jvm.dll+0x372b44]  (no source info available)
V  [jvm.dll+0x886720]  (no source info available)
V  [jvm.dll+0x887a47]  (no source info available)
V  [jvm.dll+0x887f78]  (no source info available)
V  [jvm.dll+0x888213]  (no source info available)
V  [jvm.dll+0x824f8b]  (no source info available)
V  [jvm.dll+0x6df065]  (no source info available)
C  [ucrtbase.dll+0x2cd30]  (no source info available)
C  [KERNEL32.DLL+0x2cd87]  (no source info available)
C  [ntdll.dll+0xacaec]  (no source info available)

VM_Operation (0x00000007655f4e20): G1CollectForAllocation, mode: safepoint, requested by thread 0x000001d82f1bf470


---------------  P R O C E S S  ---------------

Threads class SMR info:
_java_thread_list=0x000001d83db76cc0, length=348, elements={
0x000001d7b0687f00, 0x000001d7e5af9ae0, 0x000001d7e5afcb00, 0x000001d7e5afe240,
0x000001d7e8382830, 0x000001d7e8384df0, 0x000001d7e8385a00, 0x000001d7e8386790,
0x000001d7e838a5c0, 0x000001d7e5accb10, 0x000001d7e85b7510, 0x000001d7e84d3540,
0x000001d7e85932e0, 0x000001d7e861f3a0, 0x000001d82ef9f850, 0x000001d82f1bf470,
0x000001d82f1c1540, 0x000001d82f1be750, 0x000001d82f1bede0, 0x000001d82fcabb50,
0x000001d82fcac870, 0x000001d82fcac1e0, 0x000001d82fca93f0, 0x000001d82fcafcf0,
0x000001d82fcae940, 0x000001d82fcaf660, 0x000001d82fcad590, 0x000001d82fcadc20,
0x000001d831e353c0, 0x000001d831e332f0, 0x000001d7e855e4e0, 0x000001d82fbe6ea0,
0x000001d82fbebd60, 0x000001d82fbe9600, 0x000001d82fcb0380, 0x000001d833383e60,
0x000001d83ad0f540, 0x000001d831e346a0, 0x000001d82fbe8250, 0x000001d7e855d130,
0x000001d831e33980, 0x000001d82fbe5460, 0x000001d834df5a30, 0x000001d834df3ff0,
0x000001d83daf53e0, 0x000001d8352371e0, 0x000001d83ad192c0, 0x000001d835243d50,
0x000001d835239fd0, 0x000001d7e8559620, 0x000001d834df2c40, 0x000001d7e855de50,
0x000001d8316d13d0, 0x000001d8316d06b0, 0x000001d831e964b0, 0x000001d834dfb610,
0x000001d831e32c60, 0x000001d82f1c1bd0, 0x000001d831e943e0, 0x000001d82fbec3f0,
0x000001d833389a40, 0x000001d8316cf300, 0x000001d831e37490, 0x000001d83db132f0,
0x000001d83338a760, 0x000001d83cc16450, 0x000001d83523ba10, 0x000001d83ad1c0b0,
0x000001d835234a80, 0x000001d83ad15120, 0x000001d835240f60, 0x000001d7e855f200,
0x000001d83338e270, 0x000001d833382ab0, 0x000001d82fbe7530, 0x000001d83ad19950,
0x000001d83d8f0ca0, 0x000001d83db0b640, 0x000001d83d906f00, 0x000001d83db0f150,
0x000001d83d909660, 0x000001d83db14010, 0x000001d83cc16ae0, 0x000001d83db00ba0,
0x000001d83cc17170, 0x000001d83daff160, 0x000001d83cc1ac80, 0x000001d83db060f0,
0x000001d83cc17e90, 0x000001d83db04d40, 0x000001d83cc1fb40, 0x000001d83db09c00,
0x000001d83cc20ef0, 0x000001d83cc19f60, 0x000001d83db03300, 0x000001d82f27adc0,
0x000001d83cc1c030, 0x000001d834df7b00, 0x000001d83cc21c10, 0x000001d834df9540,
0x000001d83cc21580, 0x000001d82f27ef60, 0x000001d82f280310, 0x000001d834df6750,
0x000001d83cc222a0, 0x000001d8352364c0, 0x000001d82f281030, 0x000001d834dfbca0,
0x000001d82f281d50, 0x000001d82f27dbb0, 0x000001d83338fcb0, 0x000001d833387970,
0x000001d83338cec0, 0x000001d83d8fe530, 0x000001d831e360e0, 0x000001d83d90d800,
0x000001d83ed376a0, 0x000001d83d902d60, 0x000001d83ed4c550, 0x000001d83d9054c0,
0x000001d83ed362f0, 0x000001d83d907590, 0x000001d83ed4f340, 0x000001d83d90b730,
0x000001d83daf74b0, 0x000001d83d8f2d70, 0x000001d83ed53b70, 0x000001d83db12c60,
0x000001d83d8fbdd0, 0x000001d83db11220, 0x000001d83d8fd180, 0x000001d83dafc370,
0x000001d83d8fc460, 0x000001d83db06e10, 0x000001d83d8ff250, 0x000001d83db0afb0,
0x000001d83d9082b0, 0x000001d83cc1ee20, 0x000001d83d903a80, 0x000001d83db146a0,
0x000001d83cc14380, 0x000001d83dafddb0, 0x000001d83cc13cf0, 0x000001d83db01f50,
0x000001d83cc1cd50, 0x000001d83dafafc0, 0x000001d83cc19240, 0x000001d83db0e430,
0x000001d83523fbb0, 0x000001d82fbeb6d0, 0x000001d83db06780, 0x000001d82fca9a80,
0x000001d83523dae0, 0x000001d843090c80, 0x000001d83523d450, 0x000001d83523c730,
0x000001d83d8f82c0, 0x000001d843091310, 0x000001d83d8f6880, 0x000001d8430961d0,
0x000001d83d8f47b0, 0x000001d8430954b0, 0x000001d83d907c20, 0x000001d8430982a0,
0x000001d83d8febc0, 0x000001d83cc13660, 0x000001d83d8fcaf0, 0x000001d83cc17800,
0x000001d83d90c450, 0x000001d83cc12fd0, 0x000001d83dafb650, 0x000001d83cc14a10,
0x000001d83db0c9f0, 0x000001d834dfd050, 0x000001d7e8558f90, 0x000001d834dffe40,
0x000001d83523e800, 0x000001d83db118b0, 0x000001d83ad185a0, 0x000001d831e971d0,
0x000001d835240240, 0x000001d834e01880, 0x000001d82f27d520, 0x000001d82fcaefd0,
0x000001d831e8fbb0, 0x000001d7e855b060, 0x000001d82f1c0eb0, 0x000001d83cc15dc0,
0x000001d83523c0a0, 0x000001d831e36e00, 0x000001d834dff7b0, 0x000001d834628de0,
0x000001d83ed348b0, 0x000001d8316d0020, 0x000001d82fcae2b0, 0x000001d83cc18bb0,
0x000001d831e34d30, 0x000001d843307630, 0x000001d83ed40d90, 0x000001d84331d890,
0x000001d83ed483b0, 0x000001d843309700, 0x000001d83ed4b1a0, 0x000001d843309d90,
0x000001d83ed4d900, 0x000001d84330a420, 0x000001d83ed50d80, 0x000001d843320d10,
0x000001d84308c450, 0x000001d83ed3dfa0, 0x000001d843313b10, 0x000001d83ed52e50,
0x000001d83ed3e630, 0x000001d843088fd0, 0x000001d83ed42e60, 0x000001d843089660,
0x000001d83ed490d0, 0x000001d83d8f3400, 0x000001d83ed47690, 0x000001d83d8ee540,
0x000001d83ed49760, 0x000001d83d8f4120, 0x000001d83ed4b830, 0x000001d83d8f1330,
0x000001d83ed4d270, 0x000001d83d904110, 0x000001d83ed51aa0, 0x000001d84308cae0,
0x000001d83d8ef260, 0x000001d83c66a1d0, 0x000001d85ca04730, 0x000001d85ca31280,
0x000001d85ca367d0, 0x000001d85ca374f0, 0x000001d85ca1c3d0, 0x000001d85ca38f30,
0x000001d85ca3e480, 0x000001d85ca19c70, 0x000001d85ca112a0, 0x000001d85ca3fec0,
0x000001d85ca3f1a0, 0x000001d85ca3eb10, 0x000001d85ca1ca60, 0x000001d85ca20570,
0x000001d85ca01fd0, 0x000001d83c6673e0, 0x000001d85ca17510, 0x000001d83c668790,
0x000001d85ca16e80, 0x000001d83c66ea00, 0x000001d85ca1d780, 0x000001d83c66a860,
0x000001d85ca1de10, 0x000001d83c66d650, 0x000001d85ca1f1c0, 0x000001d83c66cfc0,
0x000001d85ca1f850, 0x000001d83c670ad0, 0x000001d85ca239f0, 0x000001d83c670440,
0x000001d85ca2a2f0, 0x000001d83c67e9f0, 0x000001d85ca24080, 0x000001d83c67e360,
0x000001d85ca2b6a0, 0x000001d8433089e0, 0x000001d85ca31fa0, 0x000001d83c67dcd0,
0x000001d85ca2bd30, 0x000001d83c681150, 0x000001d85ca095f0, 0x000001d83c6838b0,
0x000001d85ca03a10, 0x000001d83c677a60, 0x000001d85ca21920, 0x000001d8433120d0,
0x000001d85ca1fee0, 0x000001d83ad19fe0, 0x000001d83ad0db00, 0x000001d83c67a850,
0x000001d83ad13d70, 0x000001d84331b7c0, 0x000001d83c681e70, 0x000001d85ca01940,
0x000001d83c669b40, 0x000001d83ad14a90, 0x000001d8433213a0, 0x000001d83ad16b60,
0x000001d843314830, 0x000001d85ca2de00, 0x000001d83c678e10, 0x000001d85ca3ddf0,
0x000001d84331d200, 0x000001d85ca0eb40, 0x000001d85ca1eb30, 0x000001d83c6594c0,
0x000001d85ca012b0, 0x000001d843315550, 0x000001d85ca2b010, 0x000001d83c6745e0,
0x000001d85ca288b0, 0x000001d83c683220, 0x000001d85ca2a980, 0x000001d85ca1a990,
0x000001d83ad12330, 0x000001d83c6494d0, 0x000001d85ca15ad0, 0x000001d83c65d660,
0x000001d85ca0de20, 0x000001d85ca395c0, 0x000001d83ed37d30, 0x000001d83ed355d0,
0x000001d83c682b90, 0x000001d85ca2e490, 0x000001d8433113b0, 0x000001d83c682500,
0x000001d83c668e20, 0x000001d85ca0b030, 0x000001d85ca34700, 0x000001d85ca05ae0,
0x000001d85ca18f50, 0x000001d83c67d640, 0x000001d83c67b570, 0x000001d83c67a1c0,
0x000001d83c67aee0, 0x000001d83c6794a0, 0x000001d83c67bc00, 0x000001d83c678780,
0x000001d83c67f080, 0x000001d83c67c920, 0x000001d83c6817e0, 0x000001d83c67f710,
0x000001d83c680430, 0x000001d83c646050, 0x000001d83c646d70, 0x000001d83c64c2c0,
0x000001d83c64c950, 0x000001d83c652530, 0x000001d83c652bc0, 0x000001d83c653f70,
0x000001d83c651810, 0x000001d83c65a870, 0x000001d83c6587a0, 0x000001d83c65b590,
0x000001d83c660ae0, 0x000001d83c66c930, 0x000001d83c66e370, 0x000001d83c66b580
}

Java Threads: ( => current thread )
  0x000001d7b0687f00 JavaThread "main"                              [_thread_blocked, id=24820, stack(0x0000000763800000,0x0000000763900000) (1024K)]
  0x000001d7e5af9ae0 JavaThread "Reference Handler"          daemon [_thread_blocked, id=27236, stack(0x0000000764000000,0x0000000764100000) (1024K)]
  0x000001d7e5afcb00 JavaThread "Finalizer"                  daemon [_thread_blocked, id=21368, stack(0x0000000764100000,0x0000000764200000) (1024K)]
  0x000001d7e5afe240 JavaThread "Signal Dispatcher"          daemon [_thread_blocked, id=2968, stack(0x0000000764200000,0x0000000764300000) (1024K)]
  0x000001d7e8382830 JavaThread "Attach Listener"            daemon [_thread_blocked, id=23352, stack(0x0000000764300000,0x0000000764400000) (1024K)]
  0x000001d7e8384df0 JavaThread "Service Thread"             daemon [_thread_blocked, id=25524, stack(0x0000000764400000,0x0000000764500000) (1024K)]
  0x000001d7e8385a00 JavaThread "Monitor Deflation Thread"   daemon [_thread_blocked, id=24532, stack(0x0000000764500000,0x0000000764600000) (1024K)]
  0x000001d7e8386790 JavaThread "C2 CompilerThread0"         daemon [_thread_blocked, id=23024, stack(0x0000000764600000,0x0000000764700000) (1024K)]
  0x000001d7e838a5c0 JavaThread "C1 CompilerThread0"         daemon [_thread_blocked, id=22404, stack(0x0000000764700000,0x0000000764800000) (1024K)]
  0x000001d7e5accb10 JavaThread "Common-Cleaner"             daemon [_thread_blocked, id=25692, stack(0x0000000764800000,0x0000000764900000) (1024K)]
  0x000001d7e85b7510 JavaThread "Notification Thread"        daemon [_thread_blocked, id=4648, stack(0x0000000764900000,0x0000000764a00000) (1024K)]
  0x000001d7e84d3540 JavaThread "Daemon health stats"               [_thread_blocked, id=23968, stack(0x0000000764f00000,0x0000000765000000) (1024K)]
  0x000001d7e85932e0 JavaThread "Incoming local TCP Connector on port 57886"        [_thread_in_native, id=11092, stack(0x0000000765000000,0x0000000765100000) (1024K)]
  0x000001d7e861f3a0 JavaThread "Daemon periodic checks"            [_thread_blocked, id=724, stack(0x0000000765100000,0x0000000765200000) (1024K)]
  0x000001d82ef9f850 JavaThread "Daemon"                            [_thread_blocked, id=17984, stack(0x0000000765200000,0x0000000765300000) (1024K)]
  0x000001d82f1bf470 JavaThread "Daemon worker"                     [_thread_blocked, id=21000, stack(0x0000000765500000,0x0000000765600000) (1024K)]
  0x000001d82f1c1540 JavaThread "Cache worker for journal cache (C:\Users\91892\.gradle\caches\journal-1)"        [_thread_blocked, id=12560, stack(0x0000000765b00000,0x0000000765c00000) (1024K)]
  0x000001d82f1be750 JavaThread "File lock request listener"        [_thread_in_native, id=4848, stack(0x0000000765c00000,0x0000000765d00000) (1024K)]
  0x000001d82f1bede0 JavaThread "Cache worker for file hash cache (C:\Users\91892\.gradle\caches\9.3.1\fileHashes)"        [_thread_blocked, id=21408, stack(0x0000000765d00000,0x0000000765e00000) (1024K)]
  0x000001d82fcabb50 JavaThread "File watcher server"        daemon [_thread_blocked, id=25832, stack(0x0000000766200000,0x0000000766300000) (1024K)]
  0x000001d82fcac870 JavaThread "File watcher consumer"      daemon [_thread_blocked, id=8936, stack(0x0000000766300000,0x0000000766400000) (1024K)]
  0x000001d82fcac1e0 JavaThread "jar transforms"                    [_thread_blocked, id=11064, stack(0x0000000766400000,0x0000000766500000) (1024K)]
  0x000001d82fca93f0 JavaThread "jar transforms Thread 2"           [_thread_blocked, id=27824, stack(0x0000000766500000,0x0000000766600000) (1024K)]
  0x000001d82fcafcf0 JavaThread "jar transforms Thread 3"           [_thread_blocked, id=23664, stack(0x0000000766600000,0x0000000766700000) (1024K)]
  0x000001d82fcae940 JavaThread "Cache worker for file content cache (C:\Users\91892\.gradle\caches\9.3.1\fileContent)"        [_thread_blocked, id=24580, stack(0x0000000766800000,0x0000000766900000) (1024K)]
  0x000001d82fcaf660 JavaThread "jar transforms Thread 4"           [_thread_blocked, id=9648, stack(0x0000000766b00000,0x0000000766c00000) (1024K)]
  0x000001d82fcad590 JavaThread "jar transforms Thread 5"           [_thread_blocked, id=23956, stack(0x0000000766c00000,0x0000000766d00000) (1024K)]
  0x000001d82fcadc20 JavaThread "jar transforms Thread 6"           [_thread_blocked, id=3212, stack(0x0000000766d00000,0x0000000766e00000) (1024K)]
  0x000001d831e353c0 JavaThread "jar transforms Thread 7"           [_thread_blocked, id=25756, stack(0x0000000766e00000,0x0000000766f00000) (1024K)]
  0x000001d831e332f0 JavaThread "jar transforms Thread 8"           [_thread_blocked, id=24420, stack(0x0000000766f00000,0x0000000767000000) (1024K)]
  0x000001d7e855e4e0 JavaThread "Memory manager"                    [_thread_blocked, id=28152, stack(0x0000000768a00000,0x0000000768b00000) (1024K)]
  0x000001d82fbe6ea0 JavaThread "RMI Scheduler(0)"           daemon [_thread_blocked, id=29364, stack(0x000000076ad00000,0x000000076ae00000) (1024K)]
  0x000001d82fbebd60 JavaThread "RMI TCP Accept-0"           daemon [_thread_in_native, id=14828, stack(0x000000076b000000,0x000000076b100000) (1024K)]
  0x000001d82fbe9600 JavaThread "pool-3-thread-1"                   [_thread_blocked, id=26012, stack(0x000000076af00000,0x000000076b000000) (1024K)]
  0x000001d82fcb0380 JavaThread "pool-6-thread-1"                   [_thread_blocked, id=3968, stack(0x000000076cb00000,0x000000076cc00000) (1024K)]
  0x000001d833383e60 JavaThread "pool-9-thread-1"                   [_thread_blocked, id=14644, stack(0x000000076d900000,0x000000076da00000) (1024K)]
  0x000001d83ad0f540 JavaThread "pool-12-thread-1"                  [_thread_blocked, id=27156, stack(0x0000000768100000,0x0000000768200000) (1024K)]
  0x000001d831e346a0 JavaThread "pool-15-thread-1"                  [_thread_blocked, id=21536, stack(0x000000076dc00000,0x000000076dd00000) (1024K)]
  0x000001d82fbe8250 JavaThread "pool-18-thread-1"                  [_thread_blocked, id=23768, stack(0x0000000768000000,0x0000000768100000) (1024K)]
  0x000001d7e855d130 JavaThread "pool-21-thread-1"                  [_thread_blocked, id=25972, stack(0x000000076da00000,0x000000076db00000) (1024K)]
  0x000001d831e33980 JavaThread "pool-24-thread-1"                  [_thread_blocked, id=23960, stack(0x000000076d800000,0x000000076d900000) (1024K)]
  0x000001d82fbe5460 JavaThread "pool-27-thread-1"                  [_thread_blocked, id=17656, stack(0x000000076db00000,0x000000076dc00000) (1024K)]
  0x000001d834df5a30 JavaThread "RMI GC Daemon"              daemon [_thread_blocked, id=19152, stack(0x0000000769c00000,0x0000000769d00000) (1024K)]
  0x000001d834df3ff0 JavaThread "RMI Reaper"                        [_thread_blocked, id=26692, stack(0x0000000769d00000,0x0000000769e00000) (1024K)]
  0x000001d83daf53e0 JavaThread "pool-30-thread-1"                  [_thread_blocked, id=18256, stack(0x000000076d700000,0x000000076d800000) (1024K)]
  0x000001d8352371e0 JavaThread "pool-33-thread-1"                  [_thread_blocked, id=23492, stack(0x000000076de00000,0x000000076df00000) (1024K)]
  0x000001d83ad192c0 JavaThread "pool-36-thread-1"                  [_thread_blocked, id=29076, stack(0x000000076e000000,0x000000076e100000) (1024K)]
  0x000001d835243d50 JavaThread "pool-39-thread-1"                  [_thread_blocked, id=24132, stack(0x000000076e300000,0x000000076e400000) (1024K)]
  0x000001d835239fd0 JavaThread "pool-42-thread-1"                  [_thread_blocked, id=8188, stack(0x000000076e200000,0x000000076e300000) (1024K)]
  0x000001d7e8559620 JavaThread "pool-45-thread-1"                  [_thread_blocked, id=3492, stack(0x000000076e400000,0x000000076e500000) (1024K)]
  0x000001d834df2c40 JavaThread "pool-48-thread-1"                  [_thread_blocked, id=4608, stack(0x000000076e500000,0x000000076e600000) (1024K)]
  0x000001d7e855de50 JavaThread "pool-51-thread-1"                  [_thread_blocked, id=13376, stack(0x0000000763700000,0x0000000763800000) (1024K)]
  0x000001d8316d13d0 JavaThread "pool-54-thread-1"                  [_thread_blocked, id=20196, stack(0x000000076e100000,0x000000076e200000) (1024K)]
  0x000001d8316d06b0 JavaThread "pool-57-thread-1"                  [_thread_blocked, id=3696, stack(0x000000076e700000,0x000000076e800000) (1024K)]
  0x000001d831e964b0 JavaThread "pool-60-thread-1"                  [_thread_blocked, id=26492, stack(0x000000076a200000,0x000000076a300000) (1024K)]
  0x000001d834dfb610 JavaThread "pool-63-thread-1"                  [_thread_blocked, id=25228, stack(0x000000076ec00000,0x000000076ed00000) (1024K)]
  0x000001d831e32c60 JavaThread "pool-66-thread-1"                  [_thread_blocked, id=26764, stack(0x000000076ea00000,0x000000076eb00000) (1024K)]
  0x000001d82f1c1bd0 JavaThread "pool-69-thread-1"                  [_thread_blocked, id=21104, stack(0x000000076e900000,0x000000076ea00000) (1024K)]
  0x000001d831e943e0 JavaThread "pool-72-thread-1"                  [_thread_blocked, id=12504, stack(0x000000076ed00000,0x000000076ee00000) (1024K)]
  0x000001d82fbec3f0 JavaThread "pool-75-thread-1"                  [_thread_blocked, id=29356, stack(0x000000076ef00000,0x000000076f000000) (1024K)]
  0x000001d833389a40 JavaThread "pool-78-thread-1"                  [_thread_blocked, id=26888, stack(0x000000076eb00000,0x000000076ec00000) (1024K)]
  0x000001d8316cf300 JavaThread "pool-81-thread-1"                  [_thread_blocked, id=23728, stack(0x000000076f000000,0x000000076f100000) (1024K)]
  0x000001d831e37490 JavaThread "pool-84-thread-1"                  [_thread_blocked, id=17644, stack(0x000000076a000000,0x000000076a100000) (1024K)]
  0x000001d83db132f0 JavaThread "pool-87-thread-1"                  [_thread_blocked, id=10168, stack(0x000000076f300000,0x000000076f400000) (1024K)]
  0x000001d83338a760 JavaThread "pool-90-thread-1"                  [_thread_blocked, id=13292, stack(0x000000076f400000,0x000000076f500000) (1024K)]
  0x000001d83cc16450 JavaThread "pool-93-thread-1"                  [_thread_blocked, id=25880, stack(0x000000076f600000,0x000000076f700000) (1024K)]
  0x000001d83523ba10 JavaThread "pool-96-thread-1"                  [_thread_blocked, id=8128, stack(0x000000076f500000,0x000000076f600000) (1024K)]
  0x000001d83ad1c0b0 JavaThread "pool-99-thread-1"                  [_thread_blocked, id=24544, stack(0x000000076fa00000,0x000000076fb00000) (1024K)]
  0x000001d835234a80 JavaThread "pool-102-thread-1"                 [_thread_blocked, id=13100, stack(0x000000076fb00000,0x000000076fc00000) (1024K)]
  0x000001d83ad15120 JavaThread "pool-105-thread-1"                 [_thread_blocked, id=22068, stack(0x000000076fc00000,0x000000076fd00000) (1024K)]
  0x000001d835240f60 JavaThread "pool-108-thread-1"                 [_thread_blocked, id=10836, stack(0x000000076fd00000,0x000000076fe00000) (1024K)]
  0x000001d7e855f200 JavaThread "pool-111-thread-1"                 [_thread_blocked, id=2192, stack(0x000000076f900000,0x000000076fa00000) (1024K)]
  0x000001d83338e270 JavaThread "pool-114-thread-1"                 [_thread_blocked, id=3872, stack(0x000000076f700000,0x000000076f800000) (1024K)]
  0x000001d833382ab0 JavaThread "pool-117-thread-1"                 [_thread_blocked, id=26068, stack(0x000000076fe00000,0x000000076ff00000) (1024K)]
  0x000001d82fbe7530 JavaThread "pool-120-thread-1"                 [_thread_blocked, id=18532, stack(0x000000076f200000,0x000000076f300000) (1024K)]
  0x000001d83ad19950 JavaThread "pool-123-thread-1"                 [_thread_blocked, id=28768, stack(0x0000000770000000,0x0000000770100000) (1024K)]
  0x000001d83d8f0ca0 JavaThread "pool-126-thread-1"                 [_thread_blocked, id=25988, stack(0x0000000770100000,0x0000000770200000) (1024K)]
  0x000001d83db0b640 JavaThread "pool-129-thread-1"                 [_thread_blocked, id=4556, stack(0x000000076f800000,0x000000076f900000) (1024K)]
  0x000001d83d906f00 JavaThread "pool-132-thread-1"                 [_thread_blocked, id=28732, stack(0x0000000770200000,0x0000000770300000) (1024K)]
  0x000001d83db0f150 JavaThread "pool-135-thread-1"                 [_thread_blocked, id=5876, stack(0x0000000765400000,0x0000000765500000) (1024K)]
  0x000001d83d909660 JavaThread "pool-138-thread-1"                 [_thread_blocked, id=12748, stack(0x000000076ff00000,0x0000000770000000) (1024K)]
  0x000001d83db14010 JavaThread "pool-141-thread-1"                 [_thread_blocked, id=14724, stack(0x0000000770400000,0x0000000770500000) (1024K)]
  0x000001d83cc16ae0 JavaThread "pool-144-thread-1"                 [_thread_blocked, id=9852, stack(0x0000000770600000,0x0000000770700000) (1024K)]
  0x000001d83db00ba0 JavaThread "pool-147-thread-1"                 [_thread_blocked, id=12432, stack(0x0000000770b00000,0x0000000770c00000) (1024K)]
  0x000001d83cc17170 JavaThread "pool-150-thread-1"                 [_thread_blocked, id=29108, stack(0x0000000770300000,0x0000000770400000) (1024K)]
  0x000001d83daff160 JavaThread "pool-153-thread-1"                 [_thread_blocked, id=11892, stack(0x0000000770700000,0x0000000770800000) (1024K)]
  0x000001d83cc1ac80 JavaThread "pool-156-thread-1"                 [_thread_blocked, id=25188, stack(0x0000000770c00000,0x0000000770d00000) (1024K)]
  0x000001d83db060f0 JavaThread "pool-159-thread-1"                 [_thread_blocked, id=27960, stack(0x0000000770800000,0x0000000770900000) (1024K)]
  0x000001d83cc17e90 JavaThread "pool-162-thread-1"                 [_thread_blocked, id=12460, stack(0x000000076f100000,0x000000076f200000) (1024K)]
  0x000001d83db04d40 JavaThread "pool-165-thread-1"                 [_thread_blocked, id=27956, stack(0x0000000770500000,0x0000000770600000) (1024K)]
  0x000001d83cc1fb40 JavaThread "pool-168-thread-1"                 [_thread_blocked, id=24064, stack(0x0000000770d00000,0x0000000770e00000) (1024K)]
  0x000001d83db09c00 JavaThread "pool-171-thread-1"                 [_thread_blocked, id=1232, stack(0x0000000771000000,0x0000000771100000) (1024K)]
  0x000001d83cc20ef0 JavaThread "pool-174-thread-1"                 [_thread_blocked, id=20316, stack(0x0000000768500000,0x0000000768600000) (1024K)]
  0x000001d83cc19f60 JavaThread "pool-177-thread-1"                 [_thread_blocked, id=13772, stack(0x0000000771300000,0x0000000771400000) (1024K)]
  0x000001d83db03300 JavaThread "pool-180-thread-1"                 [_thread_blocked, id=7516, stack(0x0000000771100000,0x0000000771200000) (1024K)]
  0x000001d82f27adc0 JavaThread "pool-183-thread-1"                 [_thread_blocked, id=18428, stack(0x000000076a300000,0x000000076a400000) (1024K)]
  0x000001d83cc1c030 JavaThread "pool-186-thread-1"                 [_thread_blocked, id=26164, stack(0x0000000771500000,0x0000000771600000) (1024K)]
  0x000001d834df7b00 JavaThread "pool-189-thread-1"                 [_thread_blocked, id=27600, stack(0x0000000771600000,0x0000000771700000) (1024K)]
  0x000001d83cc21c10 JavaThread "pool-192-thread-1"                 [_thread_blocked, id=24892, stack(0x0000000771700000,0x0000000771800000) (1024K)]
  0x000001d834df9540 JavaThread "pool-195-thread-1"                 [_thread_blocked, id=14444, stack(0x0000000771a00000,0x0000000771b00000) (1024K)]
  0x000001d83cc21580 JavaThread "pool-198-thread-1"                 [_thread_blocked, id=9356, stack(0x0000000771800000,0x0000000771900000) (1024K)]
  0x000001d82f27ef60 JavaThread "pool-201-thread-1"                 [_thread_blocked, id=11472, stack(0x0000000771b00000,0x0000000771c00000) (1024K)]
  0x000001d82f280310 JavaThread "pool-204-thread-1"                 [_thread_blocked, id=17356, stack(0x0000000771c00000,0x0000000771d00000) (1024K)]
  0x000001d834df6750 JavaThread "pool-207-thread-1"                 [_thread_blocked, id=21492, stack(0x0000000771e00000,0x0000000771f00000) (1024K)]
  0x000001d83cc222a0 JavaThread "pool-210-thread-1"                 [_thread_blocked, id=13548, stack(0x0000000771900000,0x0000000771a00000) (1024K)]
  0x000001d8352364c0 JavaThread "pool-213-thread-1"                 [_thread_blocked, id=3032, stack(0x0000000767f00000,0x0000000768000000) (1024K)]
  0x000001d82f281030 JavaThread "pool-216-thread-1"                 [_thread_blocked, id=19688, stack(0x0000000771400000,0x0000000771500000) (1024K)]
  0x000001d834dfbca0 JavaThread "pool-219-thread-1"                 [_thread_blocked, id=17068, stack(0x0000000771d00000,0x0000000771e00000) (1024K)]
  0x000001d82f281d50 JavaThread "pool-222-thread-1"                 [_thread_blocked, id=1492, stack(0x0000000772100000,0x0000000772200000) (1024K)]
  0x000001d82f27dbb0 JavaThread "pool-225-thread-1"                 [_thread_blocked, id=12208, stack(0x0000000772200000,0x0000000772300000) (1024K)]
  0x000001d83338fcb0 JavaThread "pool-228-thread-1"                 [_thread_blocked, id=19488, stack(0x0000000772000000,0x0000000772100000) (1024K)]
  0x000001d833387970 JavaThread "pool-231-thread-1"                 [_thread_blocked, id=14468, stack(0x000000076aa00000,0x000000076ab00000) (1024K)]
  0x000001d83338cec0 JavaThread "pool-234-thread-1"                 [_thread_blocked, id=2668, stack(0x0000000772600000,0x0000000772700000) (1024K)]
  0x000001d83d8fe530 JavaThread "pool-237-thread-1"                 [_thread_blocked, id=17760, stack(0x0000000768300000,0x0000000768400000) (1024K)]
  0x000001d831e360e0 JavaThread "pool-240-thread-1"                 [_thread_blocked, id=1172, stack(0x0000000772800000,0x0000000772900000) (1024K)]
  0x000001d83d90d800 JavaThread "pool-243-thread-1"                 [_thread_blocked, id=19572, stack(0x0000000772b00000,0x0000000772c00000) (1024K)]
  0x000001d83ed376a0 JavaThread "pool-246-thread-1"                 [_thread_blocked, id=22296, stack(0x0000000772e00000,0x0000000772f00000) (1024K)]
  0x000001d83d902d60 JavaThread "pool-249-thread-1"                 [_thread_blocked, id=728, stack(0x0000000772d00000,0x0000000772e00000) (1024K)]
  0x000001d83ed4c550 JavaThread "pool-252-thread-1"                 [_thread_blocked, id=10160, stack(0x0000000772700000,0x0000000772800000) (1024K)]
  0x000001d83d9054c0 JavaThread "pool-255-thread-1"                 [_thread_blocked, id=28128, stack(0x0000000772900000,0x0000000772a00000) (1024K)]
  0x000001d83ed362f0 JavaThread "pool-258-thread-1"                 [_thread_blocked, id=25368, stack(0x000000076a800000,0x000000076a900000) (1024K)]
  0x000001d83d907590 JavaThread "pool-261-thread-1"                 [_thread_blocked, id=11428, stack(0x0000000772f00000,0x0000000773000000) (1024K)]
  0x000001d83ed4f340 JavaThread "pool-264-thread-1"                 [_thread_blocked, id=28244, stack(0x0000000772c00000,0x0000000772d00000) (1024K)]
  0x000001d83d90b730 JavaThread "pool-267-thread-1"                 [_thread_blocked, id=19528, stack(0x0000000773100000,0x0000000773200000) (1024K)]
  0x000001d83daf74b0 JavaThread "pool-270-thread-1"                 [_thread_blocked, id=27584, stack(0x0000000768200000,0x0000000768300000) (1024K)]
  0x000001d83d8f2d70 JavaThread "pool-273-thread-1"                 [_thread_blocked, id=12772, stack(0x0000000773000000,0x0000000773100000) (1024K)]
  0x000001d83ed53b70 JavaThread "pool-276-thread-1"                 [_thread_blocked, id=4404, stack(0x0000000773300000,0x0000000773400000) (1024K)]
  0x000001d83db12c60 JavaThread "pool-279-thread-1"                 [_thread_blocked, id=4936, stack(0x0000000773200000,0x0000000773300000) (1024K)]
  0x000001d83d8fbdd0 JavaThread "pool-282-thread-1"                 [_thread_blocked, id=20848, stack(0x0000000773700000,0x0000000773800000) (1024K)]
  0x000001d83db11220 JavaThread "pool-285-thread-1"                 [_thread_blocked, id=11772, stack(0x0000000773600000,0x0000000773700000) (1024K)]
  0x000001d83d8fd180 JavaThread "pool-288-thread-1"                 [_thread_blocked, id=11704, stack(0x0000000773900000,0x0000000773a00000) (1024K)]
  0x000001d83dafc370 JavaThread "pool-291-thread-1"                 [_thread_blocked, id=20056, stack(0x0000000773a00000,0x0000000773b00000) (1024K)]
  0x000001d83d8fc460 JavaThread "pool-294-thread-1"                 [_thread_blocked, id=19200, stack(0x0000000773b00000,0x0000000773c00000) (1024K)]
  0x000001d83db06e10 JavaThread "pool-297-thread-1"                 [_thread_blocked, id=20932, stack(0x0000000773f00000,0x0000000774000000) (1024K)]
  0x000001d83d8ff250 JavaThread "pool-300-thread-1"                 [_thread_blocked, id=25596, stack(0x0000000773c00000,0x0000000773d00000) (1024K)]
  0x000001d83db0afb0 JavaThread "pool-303-thread-1"                 [_thread_blocked, id=1132, stack(0x0000000773e00000,0x0000000773f00000) (1024K)]
  0x000001d83d9082b0 JavaThread "pool-306-thread-1"                 [_thread_blocked, id=10916, stack(0x0000000774000000,0x0000000774100000) (1024K)]
  0x000001d83cc1ee20 JavaThread "pool-309-thread-1"                 [_thread_blocked, id=18620, stack(0x0000000774300000,0x0000000774400000) (1024K)]
  0x000001d83d903a80 JavaThread "pool-312-thread-1"                 [_thread_blocked, id=23184, stack(0x0000000773800000,0x0000000773900000) (1024K)]
  0x000001d83db146a0 JavaThread "pool-315-thread-1"                 [_thread_blocked, id=14348, stack(0x0000000765300000,0x0000000765400000) (1024K)]
  0x000001d83cc14380 JavaThread "pool-318-thread-1"                 [_thread_blocked, id=26060, stack(0x0000000774200000,0x0000000774300000) (1024K)]
  0x000001d83dafddb0 JavaThread "pool-321-thread-1"                 [_thread_blocked, id=9048, stack(0x0000000774400000,0x0000000774500000) (1024K)]
  0x000001d83cc13cf0 JavaThread "pool-324-thread-1"                 [_thread_blocked, id=3636, stack(0x0000000774100000,0x0000000774200000) (1024K)]
  0x000001d83db01f50 JavaThread "pool-327-thread-1"                 [_thread_blocked, id=17496, stack(0x0000000774800000,0x0000000774900000) (1024K)]
  0x000001d83cc1cd50 JavaThread "pool-330-thread-1"                 [_thread_blocked, id=2728, stack(0x000000076b200000,0x000000076b300000) (1024K)]
  0x000001d83dafafc0 JavaThread "pool-333-thread-1"                 [_thread_blocked, id=4636, stack(0x000000076ac00000,0x000000076ad00000) (1024K)]
  0x000001d83cc19240 JavaThread "pool-336-thread-1"                 [_thread_blocked, id=9924, stack(0x0000000774b00000,0x0000000774c00000) (1024K)]
  0x000001d83db0e430 JavaThread "pool-339-thread-1"                 [_thread_blocked, id=24080, stack(0x0000000774d00000,0x0000000774e00000) (1024K)]
  0x000001d83523fbb0 JavaThread "pool-342-thread-1"                 [_thread_blocked, id=27100, stack(0x0000000774f00000,0x0000000775000000) (1024K)]
  0x000001d82fbeb6d0 JavaThread "pool-345-thread-1"                 [_thread_blocked, id=29308, stack(0x0000000775000000,0x0000000775100000) (1024K)]
  0x000001d83db06780 JavaThread "pool-348-thread-1"                 [_thread_blocked, id=4704, stack(0x0000000774500000,0x0000000774600000) (1024K)]
  0x000001d82fca9a80 JavaThread "pool-351-thread-1"                 [_thread_blocked, id=14452, stack(0x0000000774c00000,0x0000000774d00000) (1024K)]
  0x000001d83523dae0 JavaThread "pool-354-thread-1"                 [_thread_blocked, id=13744, stack(0x0000000774e00000,0x0000000774f00000) (1024K)]
  0x000001d843090c80 JavaThread "pool-357-thread-1"                 [_thread_blocked, id=27500, stack(0x0000000777500000,0x0000000777600000) (1024K)]
  0x000001d83523d450 JavaThread "pool-360-thread-1"                 [_thread_blocked, id=20140, stack(0x0000000777300000,0x0000000777400000) (1024K)]
  0x000001d83523c730 JavaThread "pool-363-thread-1"                 [_thread_blocked, id=9016, stack(0x0000000777600000,0x0000000777700000) (1024K)]
  0x000001d83d8f82c0 JavaThread "pool-366-thread-1"                 [_thread_blocked, id=20536, stack(0x0000000774a00000,0x0000000774b00000) (1024K)]
  0x000001d843091310 JavaThread "pool-369-thread-1"                 [_thread_blocked, id=2636, stack(0x0000000768800000,0x0000000768900000) (1024K)]
  0x000001d83d8f6880 JavaThread "pool-372-thread-1"                 [_thread_blocked, id=3752, stack(0x0000000774900000,0x0000000774a00000) (1024K)]
  0x000001d8430961d0 JavaThread "pool-375-thread-1"                 [_thread_blocked, id=11556, stack(0x0000000775300000,0x0000000775400000) (1024K)]
  0x000001d83d8f47b0 JavaThread "pool-378-thread-1"                 [_thread_blocked, id=10948, stack(0x0000000774700000,0x0000000774800000) (1024K)]
  0x000001d8430954b0 JavaThread "pool-381-thread-1"                 [_thread_blocked, id=26668, stack(0x0000000765600000,0x0000000765700000) (1024K)]
  0x000001d83d907c20 JavaThread "pool-384-thread-1"                 [_thread_blocked, id=27340, stack(0x0000000775200000,0x0000000775300000) (1024K)]
  0x000001d8430982a0 JavaThread "pool-387-thread-1"                 [_thread_blocked, id=716, stack(0x0000000775500000,0x0000000775600000) (1024K)]
  0x000001d83d8febc0 JavaThread "pool-390-thread-1"                 [_thread_blocked, id=13500, stack(0x0000000768900000,0x0000000768a00000) (1024K)]
  0x000001d83cc13660 JavaThread "pool-393-thread-1"                 [_thread_blocked, id=17440, stack(0x0000000775900000,0x0000000775a00000) (1024K)]
  0x000001d83d8fcaf0 JavaThread "pool-396-thread-1"                 [_thread_blocked, id=25536, stack(0x0000000775800000,0x0000000775900000) (1024K)]
  0x000001d83cc17800 JavaThread "pool-399-thread-1"                 [_thread_blocked, id=6524, stack(0x0000000775b00000,0x0000000775c00000) (1024K)]
  0x000001d83d90c450 JavaThread "pool-402-thread-1"                 [_thread_blocked, id=13284, stack(0x0000000775d00000,0x0000000775e00000) (1024K)]
  0x000001d83cc12fd0 JavaThread "pool-405-thread-1"                 [_thread_blocked, id=16616, stack(0x0000000775f00000,0x0000000776000000) (1024K)]
  0x000001d83dafb650 JavaThread "pool-408-thread-1"                 [_thread_blocked, id=18808, stack(0x0000000776000000,0x0000000776100000) (1024K)]
  0x000001d83cc14a10 JavaThread "pool-411-thread-1"                 [_thread_blocked, id=22260, stack(0x000000076b600000,0x000000076b700000) (1024K)]
  0x000001d83db0c9f0 JavaThread "pool-414-thread-1"                 [_thread_blocked, id=25400, stack(0x0000000775c00000,0x0000000775d00000) (1024K)]
  0x000001d834dfd050 JavaThread "pool-417-thread-1"                 [_thread_blocked, id=26080, stack(0x0000000776100000,0x0000000776200000) (1024K)]
  0x000001d7e8558f90 JavaThread "pool-420-thread-1"                 [_thread_blocked, id=27536, stack(0x0000000776200000,0x0000000776300000) (1024K)]
  0x000001d834dffe40 JavaThread "pool-423-thread-1"                 [_thread_blocked, id=3548, stack(0x0000000775e00000,0x0000000775f00000) (1024K)]
  0x000001d83523e800 JavaThread "pool-426-thread-1"                 [_thread_blocked, id=29264, stack(0x0000000776400000,0x0000000776500000) (1024K)]
  0x000001d83db118b0 JavaThread "pool-429-thread-1"                 [_thread_blocked, id=25816, stack(0x0000000776600000,0x0000000776700000) (1024K)]
  0x000001d83ad185a0 JavaThread "pool-432-thread-1"                 [_thread_blocked, id=29092, stack(0x0000000776500000,0x0000000776600000) (1024K)]
  0x000001d831e971d0 JavaThread "pool-435-thread-1"                 [_thread_blocked, id=2640, stack(0x0000000776700000,0x0000000776800000) (1024K)]
  0x000001d835240240 JavaThread "pool-438-thread-1"                 [_thread_blocked, id=6896, stack(0x0000000768700000,0x0000000768800000) (1024K)]
  0x000001d834e01880 JavaThread "pool-441-thread-1"                 [_thread_blocked, id=22772, stack(0x0000000776800000,0x0000000776900000) (1024K)]
  0x000001d82f27d520 JavaThread "pool-444-thread-1"                 [_thread_blocked, id=29080, stack(0x0000000776900000,0x0000000776a00000) (1024K)]
  0x000001d82fcaefd0 JavaThread "pool-447-thread-1"                 [_thread_blocked, id=6320, stack(0x000000076b300000,0x000000076b400000) (1024K)]
  0x000001d831e8fbb0 JavaThread "pool-450-thread-1"                 [_thread_blocked, id=29412, stack(0x0000000776b00000,0x0000000776c00000) (1024K)]
  0x000001d7e855b060 JavaThread "pool-453-thread-1"                 [_thread_blocked, id=3008, stack(0x0000000776d00000,0x0000000776e00000) (1024K)]
  0x000001d82f1c0eb0 JavaThread "pool-456-thread-1"                 [_thread_blocked, id=18952, stack(0x0000000776f00000,0x0000000777000000) (1024K)]
  0x000001d83cc15dc0 JavaThread "pool-459-thread-1"                 [_thread_blocked, id=28000, stack(0x0000000768f00000,0x0000000769000000) (1024K)]
  0x000001d83523c0a0 JavaThread "pool-462-thread-1"                 [_thread_blocked, id=29492, stack(0x0000000776e00000,0x0000000776f00000) (1024K)]
  0x000001d831e36e00 JavaThread "pool-465-thread-1"                 [_thread_blocked, id=3300, stack(0x0000000777100000,0x0000000777200000) (1024K)]
  0x000001d834dff7b0 JavaThread "pool-468-thread-1"                 [_thread_blocked, id=10924, stack(0x0000000777400000,0x0000000777500000) (1024K)]
  0x000001d834628de0 JavaThread "pool-471-thread-1"                 [_thread_blocked, id=13860, stack(0x0000000777700000,0x0000000777800000) (1024K)]
  0x000001d83ed348b0 JavaThread "pool-474-thread-1"                 [_thread_blocked, id=9108, stack(0x0000000768e00000,0x0000000768f00000) (1024K)]
  0x000001d8316d0020 JavaThread "pool-477-thread-1"                 [_thread_blocked, id=25744, stack(0x0000000777200000,0x0000000777300000) (1024K)]
  0x000001d82fcae2b0 JavaThread "pool-480-thread-1"                 [_thread_blocked, id=12020, stack(0x0000000777000000,0x0000000777100000) (1024K)]
  0x000001d83cc18bb0 JavaThread "pool-483-thread-1"                 [_thread_blocked, id=3288, stack(0x0000000777a00000,0x0000000777b00000) (1024K)]
  0x000001d831e34d30 JavaThread "pool-486-thread-1"                 [_thread_blocked, id=11404, stack(0x0000000777b00000,0x0000000777c00000) (1024K)]
  0x000001d843307630 JavaThread "pool-489-thread-1"                 [_thread_blocked, id=812, stack(0x0000000777f00000,0x0000000778000000) (1024K)]
  0x000001d83ed40d90 JavaThread "pool-492-thread-1"                 [_thread_blocked, id=9600, stack(0x0000000778000000,0x0000000778100000) (1024K)]
  0x000001d84331d890 JavaThread "pool-495-thread-1"                 [_thread_blocked, id=4472, stack(0x0000000778200000,0x0000000778300000) (1024K)]
  0x000001d83ed483b0 JavaThread "pool-498-thread-1"                 [_thread_blocked, id=18772, stack(0x0000000778300000,0x0000000778400000) (1024K)]
  0x000001d843309700 JavaThread "pool-501-thread-1"                 [_thread_blocked, id=20448, stack(0x000000076c100000,0x000000076c200000) (1024K)]
  0x000001d83ed4b1a0 JavaThread "pool-504-thread-1"                 [_thread_blocked, id=23544, stack(0x0000000778600000,0x0000000778700000) (1024K)]
  0x000001d843309d90 JavaThread "pool-507-thread-1"                 [_thread_blocked, id=5636, stack(0x000000076c200000,0x000000076c300000) (1024K)]
  0x000001d83ed4d900 JavaThread "pool-510-thread-1"                 [_thread_blocked, id=19084, stack(0x0000000778700000,0x0000000778800000) (1024K)]
  0x000001d84330a420 JavaThread "pool-513-thread-1"                 [_thread_blocked, id=25256, stack(0x000000076c300000,0x000000076c400000) (1024K)]
  0x000001d83ed50d80 JavaThread "pool-516-thread-1"                 [_thread_blocked, id=23604, stack(0x0000000778500000,0x0000000778600000) (1024K)]
  0x000001d843320d10 JavaThread "pool-519-thread-1"                 [_thread_blocked, id=10572, stack(0x0000000778900000,0x0000000778a00000) (1024K)]
  0x000001d84308c450 JavaThread "pool-522-thread-1"                 [_thread_blocked, id=20656, stack(0x0000000778b00000,0x0000000778c00000) (1024K)]
  0x000001d83ed3dfa0 JavaThread "pool-525-thread-1"                 [_thread_blocked, id=11384, stack(0x0000000778a00000,0x0000000778b00000) (1024K)]
  0x000001d843313b10 JavaThread "pool-528-thread-1"                 [_thread_blocked, id=19272, stack(0x0000000769000000,0x0000000769100000) (1024K)]
  0x000001d83ed52e50 JavaThread "pool-531-thread-1"                 [_thread_blocked, id=940, stack(0x0000000778400000,0x0000000778500000) (1024K)]
  0x000001d83ed3e630 JavaThread "pool-534-thread-1"                 [_thread_blocked, id=23864, stack(0x0000000778c00000,0x0000000778d00000) (1024K)]
  0x000001d843088fd0 JavaThread "pool-537-thread-1"                 [_thread_blocked, id=23100, stack(0x0000000778d00000,0x0000000778e00000) (1024K)]
  0x000001d83ed42e60 JavaThread "pool-540-thread-1"                 [_thread_blocked, id=20608, stack(0x0000000778100000,0x0000000778200000) (1024K)]
  0x000001d843089660 JavaThread "pool-543-thread-1"                 [_thread_blocked, id=14104, stack(0x0000000778e00000,0x0000000778f00000) (1024K)]
  0x000001d83ed490d0 JavaThread "pool-546-thread-1"                 [_thread_blocked, id=6964, stack(0x0000000779000000,0x0000000779100000) (1024K)]
  0x000001d83d8f3400 JavaThread "pool-549-thread-1"                 [_thread_blocked, id=20816, stack(0x0000000779200000,0x0000000779300000) (1024K)]
  0x000001d83ed47690 JavaThread "pool-552-thread-1"                 [_thread_blocked, id=21468, stack(0x0000000779400000,0x0000000779500000) (1024K)]
  0x000001d83d8ee540 JavaThread "pool-555-thread-1"                 [_thread_blocked, id=26280, stack(0x0000000777d00000,0x0000000777e00000) (1024K)]
  0x000001d83ed49760 JavaThread "pool-558-thread-1"                 [_thread_blocked, id=19720, stack(0x0000000779100000,0x0000000779200000) (1024K)]
  0x000001d83d8f4120 JavaThread "pool-561-thread-1"                 [_thread_blocked, id=2328, stack(0x0000000778f00000,0x0000000779000000) (1024K)]
  0x000001d83ed4b830 JavaThread "pool-564-thread-1"                 [_thread_blocked, id=24472, stack(0x0000000779500000,0x0000000779600000) (1024K)]
  0x000001d83d8f1330 JavaThread "pool-567-thread-1"                 [_thread_blocked, id=9136, stack(0x0000000765700000,0x0000000765800000) (1024K)]
  0x000001d83ed4d270 JavaThread "pool-570-thread-1"                 [_thread_blocked, id=20780, stack(0x0000000779700000,0x0000000779800000) (1024K)]
  0x000001d83d904110 JavaThread "pool-573-thread-1"                 [_thread_blocked, id=24636, stack(0x0000000779a00000,0x0000000779b00000) (1024K)]
  0x000001d83ed51aa0 JavaThread "pool-576-thread-1"                 [_thread_blocked, id=26352, stack(0x0000000779b00000,0x0000000779c00000) (1024K)]
  0x000001d84308cae0 JavaThread "pool-579-thread-1"                 [_thread_blocked, id=23624, stack(0x0000000779d00000,0x0000000779e00000) (1024K)]
  0x000001d83d8ef260 JavaThread "pool-582-thread-1"                 [_thread_blocked, id=29256, stack(0x0000000779c00000,0x0000000779d00000) (1024K)]
  0x000001d83c66a1d0 JavaThread "pool-585-thread-1"                 [_thread_blocked, id=17444, stack(0x0000000769200000,0x0000000769300000) (1024K)]
  0x000001d85ca04730 JavaThread "pool-588-thread-1"                 [_thread_blocked, id=11176, stack(0x0000000775a00000,0x0000000775b00000) (1024K)]
  0x000001d85ca31280 JavaThread "pool-591-thread-1"                 [_thread_blocked, id=12556, stack(0x0000000772400000,0x0000000772500000) (1024K)]
  0x000001d85ca367d0 JavaThread "pool-594-thread-1"                 [_thread_blocked, id=15792, stack(0x000000077a600000,0x000000077a700000) (1024K)]
  0x000001d85ca374f0 JavaThread "pool-597-thread-1"                 [_thread_blocked, id=24572, stack(0x000000077a500000,0x000000077a600000) (1024K)]
  0x000001d85ca1c3d0 JavaThread "pool-600-thread-1"                 [_thread_blocked, id=19000, stack(0x0000000767300000,0x0000000767400000) (1024K)]
  0x000001d85ca38f30 JavaThread "pool-603-thread-1"                 [_thread_blocked, id=4820, stack(0x000000077a100000,0x000000077a200000) (1024K)]
  0x000001d85ca3e480 JavaThread "pool-606-thread-1"                 [_thread_blocked, id=25824, stack(0x000000077a300000,0x000000077a400000) (1024K)]
  0x000001d85ca19c70 JavaThread "pool-609-thread-1"                 [_thread_blocked, id=23708, stack(0x000000076d200000,0x000000076d300000) (1024K)]
  0x000001d85ca112a0 JavaThread "pool-612-thread-1"                 [_thread_blocked, id=25700, stack(0x0000000769500000,0x0000000769600000) (1024K)]
  0x000001d85ca3fec0 JavaThread "pool-615-thread-1"                 [_thread_blocked, id=22660, stack(0x000000077a700000,0x000000077a800000) (1024K)]
  0x000001d85ca3f1a0 JavaThread "pool-618-thread-1"                 [_thread_blocked, id=11468, stack(0x000000077a800000,0x000000077a900000) (1024K)]
  0x000001d85ca3eb10 JavaThread "pool-621-thread-1"                 [_thread_blocked, id=20436, stack(0x000000077ab00000,0x000000077ac00000) (1024K)]
  0x000001d85ca1ca60 JavaThread "pool-624-thread-1"                 [_thread_blocked, id=26844, stack(0x000000076c000000,0x000000076c100000) (1024K)]
  0x000001d85ca20570 JavaThread "pool-627-thread-1"                 [_thread_blocked, id=17348, stack(0x0000000765e00000,0x0000000765f00000) (1024K)]
  0x000001d85ca01fd0 JavaThread "pool-630-thread-1"                 [_thread_blocked, id=25628, stack(0x0000000763500000,0x0000000763600000) (1024K)]
  0x000001d83c6673e0 JavaThread "pool-633-thread-1"                 [_thread_blocked, id=12720, stack(0x000000077ad00000,0x000000077ae00000) (1024K)]
  0x000001d85ca17510 JavaThread "pool-636-thread-1"                 [_thread_blocked, id=28644, stack(0x000000077af00000,0x000000077b000000) (1024K)]
  0x000001d83c668790 JavaThread "pool-639-thread-1"                 [_thread_blocked, id=21228, stack(0x000000077ae00000,0x000000077af00000) (1024K)]
  0x000001d85ca16e80 JavaThread "pool-642-thread-1"                 [_thread_blocked, id=4132, stack(0x000000077b100000,0x000000077b200000) (1024K)]
  0x000001d83c66ea00 JavaThread "pool-645-thread-1"                 [_thread_blocked, id=23724, stack(0x000000077b200000,0x000000077b300000) (1024K)]
  0x000001d85ca1d780 JavaThread "pool-648-thread-1"                 [_thread_blocked, id=1440, stack(0x0000000767400000,0x0000000767500000) (1024K)]
  0x000001d83c66a860 JavaThread "pool-651-thread-1"                 [_thread_blocked, id=28472, stack(0x000000077b000000,0x000000077b100000) (1024K)]
  0x000001d85ca1de10 JavaThread "pool-654-thread-1"                 [_thread_blocked, id=2952, stack(0x000000077ac00000,0x000000077ad00000) (1024K)]
  0x000001d83c66d650 JavaThread "pool-657-thread-1"                 [_thread_blocked, id=14056, stack(0x000000077b400000,0x000000077b500000) (1024K)]
  0x000001d85ca1f1c0 JavaThread "pool-660-thread-1"                 [_thread_blocked, id=15532, stack(0x000000077b600000,0x000000077b700000) (1024K)]
  0x000001d83c66cfc0 JavaThread "pool-663-thread-1"                 [_thread_blocked, id=22724, stack(0x000000077b800000,0x000000077b900000) (1024K)]
  0x000001d85ca1f850 JavaThread "pool-666-thread-1"                 [_thread_blocked, id=10284, stack(0x000000077b700000,0x000000077b800000) (1024K)]
  0x000001d83c670ad0 JavaThread "pool-669-thread-1"                 [_thread_blocked, id=11844, stack(0x000000077bc00000,0x000000077bd00000) (1024K)]
  0x000001d85ca239f0 JavaThread "pool-672-thread-1"                 [_thread_blocked, id=19404, stack(0x000000077bd00000,0x000000077be00000) (1024K)]
  0x000001d83c670440 JavaThread "pool-675-thread-1"                 [_thread_blocked, id=28412, stack(0x000000076cd00000,0x000000076ce00000) (1024K)]
  0x000001d85ca2a2f0 JavaThread "pool-678-thread-1"                 [_thread_blocked, id=14332, stack(0x000000077c100000,0x000000077c200000) (1024K)]
  0x000001d83c67e9f0 JavaThread "pool-681-thread-1"                 [_thread_blocked, id=14804, stack(0x0000000769b00000,0x0000000769c00000) (1024K)]
  0x000001d85ca24080 JavaThread "pool-684-thread-1"                 [_thread_blocked, id=13252, stack(0x000000077bb00000,0x000000077bc00000) (1024K)]
  0x000001d83c67e360 JavaThread "pool-687-thread-1"                 [_thread_blocked, id=24148, stack(0x000000077c000000,0x000000077c100000) (1024K)]
  0x000001d85ca2b6a0 JavaThread "pool-690-thread-1"                 [_thread_blocked, id=19912, stack(0x000000077c300000,0x000000077c400000) (1024K)]
  0x000001d8433089e0 JavaThread "pool-693-thread-1"                 [_thread_blocked, id=4272, stack(0x0000000769400000,0x0000000769500000) (1024K)]
  0x000001d85ca31fa0 JavaThread "pool-696-thread-1"                 [_thread_blocked, id=2008, stack(0x000000077c400000,0x000000077c500000) (1024K)]
  0x000001d83c67dcd0 JavaThread "pool-699-thread-1"                 [_thread_blocked, id=3024, stack(0x000000077c600000,0x000000077c700000) (1024K)]
  0x000001d85ca2bd30 JavaThread "pool-702-thread-1"                 [_thread_blocked, id=9564, stack(0x000000077c500000,0x000000077c600000) (1024K)]
  0x000001d83c681150 JavaThread "pool-705-thread-1"                 [_thread_blocked, id=18376, stack(0x000000077c200000,0x000000077c300000) (1024K)]
  0x000001d85ca095f0 JavaThread "pool-708-thread-1"                 [_thread_blocked, id=12416, stack(0x000000077c700000,0x000000077c800000) (1024K)]
  0x000001d83c6838b0 JavaThread "pool-711-thread-1"                 [_thread_blocked, id=28088, stack(0x000000077c800000,0x000000077c900000) (1024K)]
  0x000001d85ca03a10 JavaThread "pool-714-thread-1"                 [_thread_blocked, id=26876, stack(0x000000077b900000,0x000000077ba00000) (1024K)]
  0x000001d83c677a60 JavaThread "pool-717-thread-1"                 [_thread_blocked, id=10640, stack(0x000000077f400000,0x000000077f500000) (1024K)]
  0x000001d85ca21920 JavaThread "pool-720-thread-1"                 [_thread_blocked, id=26120, stack(0x0000000769900000,0x0000000769a00000) (1024K)]
  0x000001d8433120d0 JavaThread "pool-723-thread-1"                 [_thread_blocked, id=17544, stack(0x000000077b500000,0x000000077b600000) (1024K)]
  0x000001d85ca1fee0 JavaThread "pool-726-thread-1"                 [_thread_blocked, id=6056, stack(0x000000077bf00000,0x000000077c000000) (1024K)]
  0x000001d83ad19fe0 JavaThread "pool-729-thread-1"                 [_thread_blocked, id=16036, stack(0x000000077be00000,0x000000077bf00000) (1024K)]
  0x000001d83ad0db00 JavaThread "pool-732-thread-1"                 [_thread_blocked, id=2200, stack(0x0000000779e00000,0x0000000779f00000) (1024K)]
  0x000001d83c67a850 JavaThread "pool-735-thread-1"                 [_thread_blocked, id=24868, stack(0x0000000769e00000,0x0000000769f00000) (1024K)]
  0x000001d83ad13d70 JavaThread "pool-738-thread-1"                 [_thread_blocked, id=4340, stack(0x0000000769a00000,0x0000000769b00000) (1024K)]
  0x000001d84331b7c0 JavaThread "pool-741-thread-1"                 [_thread_blocked, id=12664, stack(0x000000077cb00000,0x000000077cc00000) (1024K)]
  0x000001d83c681e70 JavaThread "pool-744-thread-1"                 [_thread_blocked, id=13324, stack(0x000000076d600000,0x000000076d700000) (1024K)]
  0x000001d85ca01940 JavaThread "pool-747-thread-1"                 [_thread_blocked, id=32524, stack(0x000000077cd00000,0x000000077ce00000) (1024K)]
  0x000001d83c669b40 JavaThread "pool-750-thread-1"                 [_thread_blocked, id=15280, stack(0x000000077cc00000,0x000000077cd00000) (1024K)]
  0x000001d83ad14a90 JavaThread "pool-753-thread-1"                 [_thread_blocked, id=24832, stack(0x000000077cf00000,0x000000077d000000) (1024K)]
  0x000001d8433213a0 JavaThread "pool-756-thread-1"                 [_thread_blocked, id=26148, stack(0x000000077d300000,0x000000077d400000) (1024K)]
  0x000001d83ad16b60 JavaThread "pool-759-thread-1"                 [_thread_blocked, id=16248, stack(0x000000077d400000,0x000000077d500000) (1024K)]
  0x000001d843314830 JavaThread "pool-762-thread-1"                 [_thread_blocked, id=17228, stack(0x000000077d500000,0x000000077d600000) (1024K)]
  0x000001d85ca2de00 JavaThread "pool-765-thread-1"                 [_thread_blocked, id=18204, stack(0x000000077d600000,0x000000077d700000) (1024K)]
  0x000001d83c678e10 JavaThread "pool-768-thread-1"                 [_thread_blocked, id=3432, stack(0x000000076d000000,0x000000076d100000) (1024K)]
  0x000001d85ca3ddf0 JavaThread "pool-771-thread-1"                 [_thread_blocked, id=31196, stack(0x000000076ca00000,0x000000076cb00000) (1024K)]
  0x000001d84331d200 JavaThread "pool-774-thread-1"                 [_thread_blocked, id=2556, stack(0x000000077da00000,0x000000077db00000) (1024K)]
  0x000001d85ca0eb40 JavaThread "pool-777-thread-1"                 [_thread_blocked, id=2916, stack(0x000000077d900000,0x000000077da00000) (1024K)]
  0x000001d85ca1eb30 JavaThread "File lock release action executor Thread 28"        [_thread_blocked, id=6968, stack(0x0000000766000000,0x0000000766100000) (1024K)]
  0x000001d83c6594c0 JavaThread "pool-780-thread-1"                 [_thread_blocked, id=17608, stack(0x000000077db00000,0x000000077dc00000) (1024K)]
  0x000001d85ca012b0 JavaThread "pool-783-thread-1"                 [_thread_blocked, id=25436, stack(0x000000077dd00000,0x000000077de00000) (1024K)]
  0x000001d843315550 JavaThread "pool-786-thread-1"                 [_thread_blocked, id=21816, stack(0x000000077d800000,0x000000077d900000) (1024K)]
  0x000001d85ca2b010 JavaThread "pool-789-thread-1"                 [_thread_blocked, id=7036, stack(0x000000077d700000,0x000000077d800000) (1024K)]
  0x000001d83c6745e0 JavaThread "pool-792-thread-1"                 [_thread_blocked, id=25288, stack(0x000000077de00000,0x000000077df00000) (1024K)]
  0x000001d85ca288b0 JavaThread "pool-795-thread-1"                 [_thread_blocked, id=32092, stack(0x0000000770f00000,0x0000000771000000) (1024K)]
  0x000001d83c683220 JavaThread "pool-798-thread-1"                 [_thread_blocked, id=24944, stack(0x000000077df00000,0x000000077e000000) (1024K)]
  0x000001d85ca2a980 JavaThread "pool-801-thread-1"                 [_thread_blocked, id=31996, stack(0x000000077e300000,0x000000077e400000) (1024K)]
  0x000001d85ca1a990 JavaThread "RMI TCP Connection(idle)"   daemon [_thread_blocked, id=2732, stack(0x0000000766100000,0x0000000766200000) (1024K)]
  0x000001d83ad12330 JavaThread "pool-804-thread-1"                 [_thread_blocked, id=9140, stack(0x000000077e500000,0x000000077e600000) (1024K)]
  0x000001d83c6494d0 JavaThread "pool-807-thread-1"                 [_thread_blocked, id=18688, stack(0x0000000777e00000,0x0000000777f00000) (1024K)]
  0x000001d85ca15ad0 JavaThread "pool-810-thread-1"                 [_thread_blocked, id=30528, stack(0x000000077e600000,0x000000077e700000) (1024K)]
  0x000001d83c65d660 JavaThread "pool-813-thread-1"                 [_thread_blocked, id=19984, stack(0x0000000770900000,0x0000000770a00000) (1024K)]
  0x000001d85ca0de20 JavaThread "pool-816-thread-1"                 [_thread_blocked, id=27880, stack(0x000000077e800000,0x000000077e900000) (1024K)]
  0x000001d85ca395c0 JavaThread "RMI TCP Connection(795)-127.0.0.1" daemon [_thread_in_native, id=19640, stack(0x000000076a500000,0x000000076a600000) (1024K)]
  0x000001d83ed37d30 JavaThread "pool-819-thread-1"                 [_thread_blocked, id=32436, stack(0x000000077e700000,0x000000077e800000) (1024K)]
  0x000001d83ed355d0 JavaThread "VFS cleanup Thread 44"             [_thread_blocked, id=11860, stack(0x0000000766700000,0x0000000766800000) (1024K)]
  0x000001d83c682b90 JavaThread "pool-822-thread-1"                 [_thread_blocked, id=12864, stack(0x000000077e400000,0x000000077e500000) (1024K)]
  0x000001d85ca2e490 JavaThread "pool-825-thread-1"                 [_thread_blocked, id=32512, stack(0x000000077ea00000,0x000000077eb00000) (1024K)]
  0x000001d8433113b0 JavaThread "pool-828-thread-1"                 [_thread_blocked, id=21780, stack(0x0000000769f00000,0x000000076a000000) (1024K)]
  0x000001d83c682500 JavaThread "pool-831-thread-1"                 [_thread_blocked, id=16640, stack(0x000000077ed00000,0x000000077ee00000) (1024K)]
  0x000001d83c668e20 JavaThread "included builds"                   [_thread_blocked, id=17388, stack(0x000000076a100000,0x000000076a200000) (1024K)]
  0x000001d85ca0b030 JavaThread "RMI TCP Connection(794)-127.0.0.1" daemon [_thread_in_native, id=28028, stack(0x0000000774600000,0x0000000774700000) (1024K)]
  0x000001d85ca34700 JavaThread "pool-834-thread-1"                 [_thread_blocked, id=19972, stack(0x000000077ef00000,0x000000077f000000) (1024K)]
  0x000001d85ca05ae0 JavaThread "RMI TCP Connection(793)-127.0.0.1" daemon [_thread_in_native, id=15908, stack(0x0000000767100000,0x0000000767200000) (1024K)]
  0x000001d85ca18f50 JavaThread "included builds"                   [_thread_blocked, id=2132, stack(0x000000076a900000,0x000000076aa00000) (1024K)]
  0x000001d83c67d640 JavaThread "pool-837-thread-1"                 [_thread_blocked, id=30056, stack(0x000000076a600000,0x000000076a700000) (1024K)]
  0x000001d83c67b570 JavaThread "Handler for socket connection from /127.0.0.1:57886 to /127.0.0.1:53174"        [_thread_in_native, id=31384, stack(0x0000000763600000,0x0000000763700000) (1024K)]
  0x000001d83c67a1c0 JavaThread "Cancel handler"                    [_thread_blocked, id=17312, stack(0x0000000765800000,0x0000000765900000) (1024K)]
  0x000001d83c67aee0 JavaThread "Asynchronous log dispatcher for DefaultDaemonConnection: socket connection from /127.0.0.1:57886 to /127.0.0.1:53174"        [_thread_blocked, id=30680, stack(0x0000000766900000,0x0000000766a00000) (1024K)]
  0x000001d83c6794a0 JavaThread "Stdin handler"                     [_thread_blocked, id=20256, stack(0x0000000766a00000,0x0000000766b00000) (1024K)]
  0x000001d83c67bc00 JavaThread "Daemon client event forwarder"        [_thread_blocked, id=25948, stack(0x0000000767000000,0x0000000767100000) (1024K)]
  0x000001d83c678780 JavaThread "Cache worker for file hash cache (D:\app dev\hastkala\mobile\android\.gradle\9.3.1\fileHashes)"        [_thread_blocked, id=25992, stack(0x0000000767200000,0x0000000767300000) (1024K)]
  0x000001d83c67f080 JavaThread "Cache worker for Build Output Cleanup Cache (D:\app dev\hastkala\mobile\android\.gradle\buildOutputCleanup)"        [_thread_blocked, id=32644, stack(0x0000000767600000,0x0000000767700000) (1024K)]
  0x000001d83c67c920 JavaThread "Cache worker for checksums cache (D:\app dev\hastkala\mobile\android\.gradle\9.3.1\checksums)"        [_thread_blocked, id=7472, stack(0x0000000767700000,0x0000000767800000) (1024K)]
  0x000001d83c6817e0 JavaThread "Cache worker for cache directory md-supplier (C:\Users\91892\.gradle\caches\9.3.1\md-supplier)"        [_thread_blocked, id=27808, stack(0x0000000767800000,0x0000000767900000) (1024K)]
  0x000001d83c67f710 JavaThread "Cache worker for cache directory md-rule (C:\Users\91892\.gradle\caches\9.3.1\md-rule)"        [_thread_blocked, id=26144, stack(0x0000000767900000,0x0000000767a00000) (1024K)]
  0x000001d83c680430 JavaThread "Cache worker for Build Output Cleanup Cache (C:\src\flutter\packages\flutter_tools\gradle\.gradle\buildOutputCleanup)"        [_thread_blocked, id=21068, stack(0x0000000767a00000,0x0000000767b00000) (1024K)]
  0x000001d83c646050 JavaThread "Unconstrained build operations"        [_thread_blocked, id=10952, stack(0x0000000767b00000,0x0000000767c00000) (1024K)]
  0x000001d83c646d70 JavaThread "Unconstrained build operations Thread 2"        [_thread_blocked, id=5156, stack(0x0000000767c00000,0x0000000767d00000) (1024K)]
  0x000001d83c64c2c0 JavaThread "Unconstrained build operations Thread 3"        [_thread_blocked, id=12912, stack(0x0000000767d00000,0x0000000767e00000) (1024K)]
  0x000001d83c64c950 JavaThread "Unconstrained build operations Thread 4"        [_thread_blocked, id=29716, stack(0x0000000767e00000,0x0000000767f00000) (1024K)]
  0x000001d83c652530 JavaThread "Unconstrained build operations Thread 5"        [_thread_blocked, id=25024, stack(0x0000000768400000,0x0000000768500000) (1024K)]
  0x000001d83c652bc0 JavaThread "Unconstrained build operations Thread 6"        [_thread_blocked, id=16656, stack(0x0000000768600000,0x0000000768700000) (1024K)]
  0x000001d83c653f70 JavaThread "Unconstrained build operations Thread 7"        [_thread_blocked, id=30284, stack(0x0000000768b00000,0x0000000768c00000) (1024K)]
  0x000001d83c651810 JavaThread "Unconstrained build operations Thread 8"        [_thread_blocked, id=30832, stack(0x0000000768c00000,0x0000000768d00000) (1024K)]
  0x000001d83c65a870 JavaThread "Unconstrained build operations Thread 9"        [_thread_blocked, id=30168, stack(0x0000000768d00000,0x0000000768e00000) (1024K)]
  0x000001d83c6587a0 JavaThread "Unconstrained build operations Thread 10"        [_thread_blocked, id=2756, stack(0x0000000769100000,0x0000000769200000) (1024K)]
  0x000001d83c65b590 JavaThread "Unconstrained build operations Thread 11"        [_thread_blocked, id=26548, stack(0x0000000769300000,0x0000000769400000) (1024K)]
  0x000001d83c660ae0 JavaThread "Unconstrained build operations Thread 12"        [_thread_blocked, id=15352, stack(0x0000000769600000,0x0000000769700000) (1024K)]
  0x000001d83c66c930 JavaThread "Unconstrained build operations Thread 13"        [_thread_blocked, id=31956, stack(0x0000000769700000,0x0000000769800000) (1024K)]
  0x000001d83c66e370 JavaThread "Unconstrained build operations Thread 14"        [_thread_blocked, id=26744, stack(0x0000000769800000,0x0000000769900000) (1024K)]
  0x000001d83c66b580 JavaThread "build event listener"              [_thread_blocked, id=11280, stack(0x000000076a400000,0x000000076a500000) (1024K)]
Total: 348

Other Threads:
=>0x000001d7e5ad94c0 VMThread "VM Thread"                           [id=25008, stack(0x0000000763f00000,0x0000000764000000) (1024K)]
  0x000001d7e5ac8e90 WatcherThread "VM Periodic Task Thread"        [id=4200, stack(0x0000000763e00000,0x0000000763f00000) (1024K)]
  0x000001d7e5941920 WorkerThread "GC Thread#0"                     [id=25768, stack(0x0000000763900000,0x0000000763a00000) (1024K)]
  0x000001d7e87a3a20 WorkerThread "GC Thread#1"                     [id=21048, stack(0x0000000764a00000,0x0000000764b00000) (1024K)]
  0x000001d7e8815ae0 WorkerThread "GC Thread#2"                     [id=10860, stack(0x0000000764b00000,0x0000000764c00000) (1024K)]
  0x000001d7e8815e90 WorkerThread "GC Thread#3"                     [id=20648, stack(0x0000000764c00000,0x0000000764d00000) (1024K)]
  0x000001d82e4ba450 WorkerThread "GC Thread#4"                     [id=20024, stack(0x0000000764d00000,0x0000000764e00000) (1024K)]
  0x000001d82e4babb0 WorkerThread "GC Thread#5"                     [id=17868, stack(0x0000000764e00000,0x0000000764f00000) (1024K)]
  0x000001d82f43a580 WorkerThread "GC Thread#6"                     [id=15912, stack(0x0000000765900000,0x0000000765a00000) (1024K)]
  0x000001d82f438f60 WorkerThread "GC Thread#7"                     [id=28948, stack(0x0000000765a00000,0x0000000765b00000) (1024K)]
  0x000001d7b2b705c0 ConcurrentGCThread "G1 Main Marker"            [id=14240, stack(0x0000000763a00000,0x0000000763b00000) (1024K)]
  0x000001d7b2b72d80 WorkerThread "G1 Conc#0"                       [id=15368, stack(0x0000000763b00000,0x0000000763c00000) (1024K)]
  0x000001d82f43b090 WorkerThread "G1 Conc#1"                       [id=24740, stack(0x0000000765f00000,0x0000000766000000) (1024K)]
  0x000001d7b2b9bb70 ConcurrentGCThread "G1 Refine#0"               [id=25216, stack(0x0000000763c00000,0x0000000763d00000) (1024K)]
  0x000001d7b2b9d4b0 ConcurrentGCThread "G1 Service"                [id=24964, stack(0x0000000763d00000,0x0000000763e00000) (1024K)]
Total: 15

Threads with active compile tasks:
Total: 0

VM state: at safepoint (normal execution)

VM Mutex/Monitor currently owned by a thread:  ([mutex/lock_event])
[0x00007ff9ef233910] Threads_lock - owner thread: 0x000001d7e5ad94c0
[0x00007ff9ef233a10] Heap_lock - owner thread: 0x000001d82f1bf470

Heap address: 0x000000042a800000, size: 8192 MB, Compressed Oops mode: Zero based, Oop shift amount: 3

CDS archive(s) mapped at: [0x000001d7e9000000-0x000001d7e9d70000-0x000001d7e9d70000), size 14090240, SharedBaseAddress: 0x000001d7e9000000, ArchiveRelocationMode: 1.
Compressed class space mapped at: 0x000001d7ea000000-0x000001d82a000000, reserved size: 1073741824
Narrow klass base: 0x000001d7e9000000, Narrow klass shift: 0, Narrow klass range: 0x41000000

GC Precious Log:
 CardTable entry size: 512
 Card Set container configuration: InlinePtr #cards 4 size 8 Array Of Cards #cards 32 size 80 Howl #buckets 8 coarsen threshold 7372 Howl Bitmap #cards 1024 size 144 coarsen threshold 921 Card regions per heap region 1 cards per card region 8192
 CPUs: 8 total, 8 available
 Memory: 7863M
 Large Page Support: Disabled
 NUMA Support: Disabled
 Compressed Oops: Enabled (Zero based)
 Heap Region Size: 4M
 Heap Min Capacity: 8M
 Heap Initial Capacity: 124M
 Heap Max Capacity: 8G
 Pre-touch: Disabled
 Parallel Workers: 8
 Concurrent Workers: 2
 Concurrent Refinement Workers: 8
 Periodic GC: Disabled

Heap:
 garbage-first heap   total reserved 8388608K, committed 3473408K, used 1614914K [0x000000042a800000, 0x000000062a800000)
  region size 4096K, 7 young (28672K), 7 survivors (28672K)
 Metaspace       used 278783K, committed 287424K, reserved 1310720K
  class space    used 34025K, committed 37888K, reserved 1048576K

Heap Regions: E=young(eden), S=young(survivor), O=old, HS=humongous(starts), HC=humongous(continues), CS=collection set, F=free, TAMS=top-at-mark-start, PB=parsable bottom
|   0|0x000000042a800000, 0x000000042ac00000, 0x000000042ac00000|100%|HS|  |TAMS 0x000000042a800000| PB 0x000000042a800000| Complete |  0
|   1|0x000000042ac00000, 0x000000042b000000, 0x000000042b000000|100%| O|  |TAMS 0x000000042ac00000| PB 0x000000042ac00000| Untracked |  0
|   2|0x000000042b000000, 0x000000042b400000, 0x000000042b400000|100%| O|  |TAMS 0x000000042b000000| PB 0x000000042b000000| Untracked |  0
|   3|0x000000042b400000, 0x000000042b800000, 0x000000042b800000|100%| O|  |TAMS 0x000000042b400000| PB 0x000000042b400000| Untracked |  0
|   4|0x000000042b800000, 0x000000042bc00000, 0x000000042bc00000|100%| O|  |TAMS 0x000000042b800000| PB 0x000000042b800000| Untracked |  0
|   5|0x000000042bc00000, 0x000000042c000000, 0x000000042c000000|100%| O|  |TAMS 0x000000042bc00000| PB 0x000000042bc00000| Untracked |  0
|   6|0x000000042c000000, 0x000000042c400000, 0x000000042c400000|100%| O|  |TAMS 0x000000042c000000| PB 0x000000042c000000| Untracked |  0
|   7|0x000000042c400000, 0x000000042c800000, 0x000000042c800000|100%| O|  |TAMS 0x000000042c400000| PB 0x000000042c400000| Untracked |  0
|   8|0x000000042c800000, 0x000000042cc00000, 0x000000042cc00000|100%| O|  |TAMS 0x000000042c800000| PB 0x000000042c800000| Untracked |  0
|   9|0x000000042cc00000, 0x000000042d000000, 0x000000042d000000|100%| O|  |TAMS 0x000000042cc00000| PB 0x000000042cc00000| Untracked |  0
|  10|0x000000042d000000, 0x000000042d400000, 0x000000042d400000|100%| O|  |TAMS 0x000000042d000000| PB 0x000000042d000000| Untracked |  0
|  11|0x000000042d400000, 0x000000042d800000, 0x000000042d800000|100%| O|  |TAMS 0x000000042d400000| PB 0x000000042d400000| Untracked |  0
|  12|0x000000042d800000, 0x000000042dc00000, 0x000000042dc00000|100%| O|  |TAMS 0x000000042d800000| PB 0x000000042d800000| Untracked |  0
|  13|0x000000042dc00000, 0x000000042e000000, 0x000000042e000000|100%| O|  |TAMS 0x000000042dc00000| PB 0x000000042dc00000| Untracked |  0
|  14|0x000000042e000000, 0x000000042e400000, 0x000000042e400000|100%| O|  |TAMS 0x000000042e000000| PB 0x000000042e000000| Untracked |  0
|  15|0x000000042e400000, 0x000000042e800000, 0x000000042e800000|100%| O|  |TAMS 0x000000042e400000| PB 0x000000042e400000| Untracked |  0
|  16|0x000000042e800000, 0x000000042ec00000, 0x000000042ec00000|100%| O|  |TAMS 0x000000042e800000| PB 0x000000042e800000| Untracked |  0
|  17|0x000000042ec00000, 0x000000042f000000, 0x000000042f000000|100%| O|  |TAMS 0x000000042ec00000| PB 0x000000042ec00000| Untracked |  0
|  18|0x000000042f000000, 0x000000042f400000, 0x000000042f400000|100%| O|  |TAMS 0x000000042f000000| PB 0x000000042f000000| Untracked |  0
|  19|0x000000042f400000, 0x000000042f800000, 0x000000042f800000|100%| O|  |TAMS 0x000000042f400000| PB 0x000000042f400000| Untracked |  0
|  20|0x000000042f800000, 0x000000042fc00000, 0x000000042fc00000|100%| O|Cm|TAMS 0x000000042f800000| PB 0x000000042f800000| Complete |  0
|  21|0x000000042fc00000, 0x0000000430000000, 0x0000000430000000|100%| O|  |TAMS 0x000000042fc00000| PB 0x000000042fc00000| Untracked |  0
|  22|0x0000000430000000, 0x0000000430400000, 0x0000000430400000|100%| O|  |TAMS 0x0000000430000000| PB 0x0000000430000000| Untracked |  0
|  23|0x0000000430400000, 0x0000000430800000, 0x0000000430800000|100%| O|  |TAMS 0x0000000430400000| PB 0x0000000430400000| Untracked |  0
|  24|0x0000000430800000, 0x0000000430c00000, 0x0000000430c00000|100%| O|  |TAMS 0x0000000430800000| PB 0x0000000430800000| Untracked |  0
|  25|0x0000000430c00000, 0x0000000431000000, 0x0000000431000000|100%| O|  |TAMS 0x0000000430c00000| PB 0x0000000430c00000| Untracked |  0
|  26|0x0000000431000000, 0x0000000431400000, 0x0000000431400000|100%| O|  |TAMS 0x0000000431000000| PB 0x0000000431000000| Untracked |  0
|  27|0x0000000431400000, 0x0000000431800000, 0x0000000431800000|100%| O|  |TAMS 0x0000000431400000| PB 0x0000000431400000| Untracked |  0
|  28|0x0000000431800000, 0x0000000431c00000, 0x0000000431c00000|100%| O|  |TAMS 0x0000000431800000| PB 0x0000000431800000| Untracked |  0
|  29|0x0000000431c00000, 0x0000000432000000, 0x0000000432000000|100%| O|  |TAMS 0x0000000431c00000| PB 0x0000000431c00000| Untracked |  0
|  30|0x0000000432000000, 0x0000000432400000, 0x0000000432400000|100%| O|Cm|TAMS 0x0000000432000000| PB 0x0000000432000000| Complete |  0
|  31|0x0000000432400000, 0x0000000432800000, 0x0000000432800000|100%| O|  |TAMS 0x0000000432400000| PB 0x0000000432400000| Untracked |  0
|  32|0x0000000432800000, 0x0000000432c00000, 0x0000000432c00000|100%| O|  |TAMS 0x0000000432800000| PB 0x0000000432800000| Untracked |  0
|  33|0x0000000432c00000, 0x0000000433000000, 0x0000000433000000|100%| O|  |TAMS 0x0000000432c00000| PB 0x0000000432c00000| Untracked |  0
|  34|0x0000000433000000, 0x0000000433400000, 0x0000000433400000|100%| O|  |TAMS 0x0000000433000000| PB 0x0000000433000000| Untracked |  0
|  35|0x0000000433400000, 0x0000000433800000, 0x0000000433800000|100%| O|  |TAMS 0x0000000433400000| PB 0x0000000433400000| Untracked |  0
|  36|0x0000000433800000, 0x0000000433c00000, 0x0000000433c00000|100%| O|  |TAMS 0x0000000433800000| PB 0x0000000433800000| Untracked |  0
|  37|0x0000000433c00000, 0x0000000434000000, 0x0000000434000000|100%| O|  |TAMS 0x0000000433c00000| PB 0x0000000433c00000| Untracked |  0
|  38|0x0000000434000000, 0x0000000434400000, 0x0000000434400000|100%| O|  |TAMS 0x0000000434000000| PB 0x0000000434000000| Untracked |  0
|  39|0x0000000434400000, 0x0000000434800000, 0x0000000434800000|100%| O|  |TAMS 0x0000000434400000| PB 0x0000000434400000| Untracked |  0
|  40|0x0000000434800000, 0x0000000434c00000, 0x0000000434c00000|100%| O|  |TAMS 0x0000000434800000| PB 0x0000000434800000| Untracked |  0
|  41|0x0000000434c00000, 0x0000000435000000, 0x0000000435000000|100%| O|  |TAMS 0x0000000434c00000| PB 0x0000000434c00000| Untracked |  0
|  42|0x0000000435000000, 0x0000000435400000, 0x0000000435400000|100%| O|  |TAMS 0x0000000435000000| PB 0x0000000435000000| Untracked |  0
|  43|0x0000000435400000, 0x0000000435800000, 0x0000000435800000|100%| O|  |TAMS 0x0000000435400000| PB 0x0000000435400000| Untracked |  0
|  44|0x0000000435800000, 0x0000000435c00000, 0x0000000435c00000|100%| O|  |TAMS 0x0000000435800000| PB 0x0000000435800000| Untracked |  0
|  45|0x0000000435c00000, 0x0000000436000000, 0x0000000436000000|100%| O|  |TAMS 0x0000000435c00000| PB 0x0000000435c00000| Untracked |  0
|  46|0x0000000436000000, 0x0000000436400000, 0x0000000436400000|100%| O|Cm|TAMS 0x0000000436000000| PB 0x0000000436000000| Complete |  0
|  47|0x0000000436400000, 0x0000000436800000, 0x0000000436800000|100%| O|  |TAMS 0x0000000436400000| PB 0x0000000436400000| Untracked |  0
|  48|0x0000000436800000, 0x0000000436c00000, 0x0000000436c00000|100%| O|  |TAMS 0x0000000436800000| PB 0x0000000436800000| Untracked |  0
|  49|0x0000000436c00000, 0x0000000437000000, 0x0000000437000000|100%| O|  |TAMS 0x0000000436c00000| PB 0x0000000436c00000| Untracked |  0
|  50|0x0000000437000000, 0x0000000437400000, 0x0000000437400000|100%| O|  |TAMS 0x0000000437000000| PB 0x0000000437000000| Untracked |  0
|  51|0x0000000437400000, 0x0000000437800000, 0x0000000437800000|100%| O|  |TAMS 0x0000000437400000| PB 0x0000000437400000| Untracked |  0
|  52|0x0000000437800000, 0x0000000437c00000, 0x0000000437c00000|100%| O|  |TAMS 0x0000000437800000| PB 0x0000000437800000| Untracked |  0
|  53|0x0000000437c00000, 0x0000000438000000, 0x0000000438000000|100%| O|  |TAMS 0x0000000437c00000| PB 0x0000000437c00000| Untracked |  0
|  54|0x0000000438000000, 0x0000000438400000, 0x0000000438400000|100%| O|Cm|TAMS 0x0000000438000000| PB 0x0000000438000000| Complete |  0
|  55|0x0000000438400000, 0x0000000438800000, 0x0000000438800000|100%| O|  |TAMS 0x0000000438400000| PB 0x0000000438400000| Untracked |  0
|  56|0x0000000438800000, 0x0000000438c00000, 0x0000000438c00000|100%| O|  |TAMS 0x0000000438800000| PB 0x0000000438800000| Untracked |  0
|  57|0x0000000438c00000, 0x0000000439000000, 0x0000000439000000|100%| O|  |TAMS 0x0000000438c00000| PB 0x0000000438c00000| Untracked |  0
|  58|0x0000000439000000, 0x0000000439400000, 0x0000000439400000|100%| O|  |TAMS 0x0000000439000000| PB 0x0000000439000000| Untracked |  0
|  59|0x0000000439400000, 0x0000000439800000, 0x0000000439800000|100%| O|  |TAMS 0x0000000439400000| PB 0x0000000439400000| Untracked |  0
|  60|0x0000000439800000, 0x0000000439c00000, 0x0000000439c00000|100%| O|  |TAMS 0x0000000439800000| PB 0x0000000439800000| Untracked |  0
|  61|0x0000000439c00000, 0x000000043a000000, 0x000000043a000000|100%| O|  |TAMS 0x0000000439c00000| PB 0x0000000439c00000| Untracked |  0
|  62|0x000000043a000000, 0x000000043a400000, 0x000000043a400000|100%| O|  |TAMS 0x000000043a000000| PB 0x000000043a000000| Untracked |  0
|  63|0x000000043a400000, 0x000000043a800000, 0x000000043a800000|100%| O|  |TAMS 0x000000043a400000| PB 0x000000043a400000| Untracked |  0
|  64|0x000000043a800000, 0x000000043ac00000, 0x000000043ac00000|100%| O|  |TAMS 0x000000043a800000| PB 0x000000043a800000| Untracked |  0
|  65|0x000000043ac00000, 0x000000043b000000, 0x000000043b000000|100%| O|  |TAMS 0x000000043ac00000| PB 0x000000043ac00000| Untracked |  0
|  66|0x000000043b000000, 0x000000043b400000, 0x000000043b400000|100%| O|  |TAMS 0x000000043b000000| PB 0x000000043b000000| Untracked |  0
|  67|0x000000043b400000, 0x000000043b800000, 0x000000043b800000|100%| O|  |TAMS 0x000000043b400000| PB 0x000000043b400000| Untracked |  0
|  68|0x000000043b800000, 0x000000043bc00000, 0x000000043bc00000|100%| O|  |TAMS 0x000000043b800000| PB 0x000000043b800000| Untracked |  0
|  69|0x000000043bc00000, 0x000000043c000000, 0x000000043c000000|100%| O|Cm|TAMS 0x000000043bc00000| PB 0x000000043bc00000| Complete |  0
|  70|0x000000043c000000, 0x000000043c400000, 0x000000043c400000|100%| O|  |TAMS 0x000000043c000000| PB 0x000000043c000000| Untracked |  0
|  71|0x000000043c400000, 0x000000043c800000, 0x000000043c800000|100%| O|  |TAMS 0x000000043c400000| PB 0x000000043c400000| Untracked |  0
|  72|0x000000043c800000, 0x000000043cc00000, 0x000000043cc00000|100%| O|Cm|TAMS 0x000000043c800000| PB 0x000000043c800000| Complete |  0
|  73|0x000000043cc00000, 0x000000043d000000, 0x000000043d000000|100%| O|  |TAMS 0x000000043cc00000| PB 0x000000043cc00000| Untracked |  0
|  74|0x000000043d000000, 0x000000043d400000, 0x000000043d400000|100%| O|  |TAMS 0x000000043d000000| PB 0x000000043d000000| Untracked |  0
|  75|0x000000043d400000, 0x000000043d800000, 0x000000043d800000|100%| O|  |TAMS 0x000000043d400000| PB 0x000000043d400000| Untracked |  0
|  76|0x000000043d800000, 0x000000043dc00000, 0x000000043dc00000|100%| O|  |TAMS 0x000000043d800000| PB 0x000000043d800000| Untracked |  0
|  77|0x000000043dc00000, 0x000000043e000000, 0x000000043e000000|100%| O|  |TAMS 0x000000043dc00000| PB 0x000000043dc00000| Untracked |  0
|  78|0x000000043e000000, 0x000000043e400000, 0x000000043e400000|100%| O|  |TAMS 0x000000043e000000| PB 0x000000043e000000| Untracked |  0
|  79|0x000000043e400000, 0x000000043e800000, 0x000000043e800000|100%| O|Cm|TAMS 0x000000043e400000| PB 0x000000043e400000| Complete |  0
|  80|0x000000043e800000, 0x000000043ec00000, 0x000000043ec00000|100%| O|Cm|TAMS 0x000000043e800000| PB 0x000000043e800000| Complete |  0
|  81|0x000000043ec00000, 0x000000043f000000, 0x000000043f000000|100%| O|Cm|TAMS 0x000000043ec00000| PB 0x000000043ec00000| Complete |  0
|  82|0x000000043f000000, 0x000000043f400000, 0x000000043f400000|100%| O|Cm|TAMS 0x000000043f000000| PB 0x000000043f000000| Complete |  0
|  83|0x000000043f400000, 0x000000043f800000, 0x000000043f800000|100%| O|Cm|TAMS 0x000000043f400000| PB 0x000000043f400000| Complete |  0
|  84|0x000000043f800000, 0x000000043fc00000, 0x000000043fc00000|100%| O|Cm|TAMS 0x000000043f800000| PB 0x000000043f800000| Complete |  0
|  85|0x000000043fc00000, 0x0000000440000000, 0x0000000440000000|100%| O|Cm|TAMS 0x000000043fc00000| PB 0x000000043fc00000| Complete |  0
|  86|0x0000000440000000, 0x0000000440400000, 0x0000000440400000|100%| O|Cm|TAMS 0x0000000440000000| PB 0x0000000440000000| Complete |  0
|  87|0x0000000440400000, 0x0000000440800000, 0x0000000440800000|100%| O|Cm|TAMS 0x0000000440400000| PB 0x0000000440400000| Complete |  0
|  88|0x0000000440800000, 0x0000000440c00000, 0x0000000440c00000|100%| O|  |TAMS 0x0000000440800000| PB 0x0000000440800000| Untracked |  0
|  89|0x0000000440c00000, 0x0000000441000000, 0x0000000441000000|100%| O|Cm|TAMS 0x0000000440c00000| PB 0x0000000440c00000| Complete |  0
|  90|0x0000000441000000, 0x0000000441400000, 0x0000000441400000|100%| O|Cm|TAMS 0x0000000441000000| PB 0x0000000441000000| Complete |  0
|  91|0x0000000441400000, 0x0000000441510830, 0x0000000441800000| 26%| O|  |TAMS 0x0000000441400000| PB 0x0000000441400000| Untracked |  0
|  92|0x0000000441800000, 0x0000000441c00000, 0x0000000441c00000|100%| O|Cm|TAMS 0x0000000441800000| PB 0x0000000441800000| Complete |  0
|  93|0x0000000441c00000, 0x0000000442000000, 0x0000000442000000|100%| O|Cm|TAMS 0x0000000441c00000| PB 0x0000000441c00000| Complete |  0
|  94|0x0000000442000000, 0x0000000442400000, 0x0000000442400000|100%| O|Cm|TAMS 0x0000000442000000| PB 0x0000000442000000| Complete |  0
|  95|0x0000000442400000, 0x0000000442800000, 0x0000000442800000|100%| O|Cm|TAMS 0x0000000442400000| PB 0x0000000442400000| Complete |  0
|  96|0x0000000442800000, 0x0000000442800000, 0x0000000442c00000|  0%| F|  |TAMS 0x0000000442800000| PB 0x0000000442800000| Untracked |  0
|  97|0x0000000442c00000, 0x0000000442c00000, 0x0000000443000000|  0%| F|  |TAMS 0x0000000442c00000| PB 0x0000000442c00000| Untracked |  0
|  98|0x0000000443000000, 0x0000000443400000, 0x0000000443400000|100%| O|Cm|TAMS 0x0000000443000000| PB 0x0000000443000000| Complete |  0
|  99|0x0000000443400000, 0x0000000443800000, 0x0000000443800000|100%| O|  |TAMS 0x0000000443400000| PB 0x0000000443400000| Untracked |  0
| 100|0x0000000443800000, 0x0000000443c00000, 0x0000000443c00000|100%| O|Cm|TAMS 0x0000000443800000| PB 0x0000000443800000| Complete |  0
| 101|0x0000000443c00000, 0x0000000443c00000, 0x0000000444000000|  0%| F|  |TAMS 0x0000000443c00000| PB 0x0000000443c00000| Untracked |  0
| 102|0x0000000444000000, 0x0000000444000000, 0x0000000444400000|  0%| F|  |TAMS 0x0000000444000000| PB 0x0000000444000000| Untracked |  0
| 103|0x0000000444400000, 0x0000000444400000, 0x0000000444800000|  0%| F|  |TAMS 0x0000000444400000| PB 0x0000000444400000| Untracked |  0
| 104|0x0000000444800000, 0x0000000444c00000, 0x0000000444c00000|100%| O|Cm|TAMS 0x0000000444800000| PB 0x0000000444800000| Complete |  0
| 105|0x0000000444c00000, 0x0000000445000000, 0x0000000445000000|100%| O|  |TAMS 0x0000000444c00000| PB 0x0000000444c00000| Untracked |  0
| 106|0x0000000445000000, 0x0000000445400000, 0x0000000445400000|100%| O|  |TAMS 0x0000000445000000| PB 0x0000000445000000| Untracked |  0
| 107|0x0000000445400000, 0x0000000445800000, 0x0000000445800000|100%| O|Cm|TAMS 0x0000000445400000| PB 0x0000000445400000| Complete |  0
| 108|0x0000000445800000, 0x0000000445c00000, 0x0000000445c00000|100%| O|Cm|TAMS 0x0000000445800000| PB 0x0000000445800000| Complete |  0
| 109|0x0000000445c00000, 0x0000000446000000, 0x0000000446000000|100%| O|Cm|TAMS 0x0000000445c00000| PB 0x0000000445c00000| Complete |  0
| 110|0x0000000446000000, 0x0000000446400000, 0x0000000446400000|100%| O|Cm|TAMS 0x0000000446000000| PB 0x0000000446000000| Complete |  0
| 111|0x0000000446400000, 0x0000000446800000, 0x0000000446800000|100%| O|Cm|TAMS 0x0000000446400000| PB 0x0000000446400000| Complete |  0
| 112|0x0000000446800000, 0x0000000446c00000, 0x0000000446c00000|100%| O|Cm|TAMS 0x0000000446800000| PB 0x0000000446800000| Complete |  0
| 113|0x0000000446c00000, 0x0000000447000000, 0x0000000447000000|100%| O|Cm|TAMS 0x0000000446c00000| PB 0x0000000446c00000| Complete |  0
| 114|0x0000000447000000, 0x0000000447400000, 0x0000000447400000|100%| O|Cm|TAMS 0x0000000447000000| PB 0x0000000447000000| Complete |  0
| 115|0x0000000447400000, 0x0000000447800000, 0x0000000447800000|100%| O|Cm|TAMS 0x0000000447400000| PB 0x0000000447400000| Complete |  0
| 116|0x0000000447800000, 0x0000000447c00000, 0x0000000447c00000|100%| O|Cm|TAMS 0x0000000447800000| PB 0x0000000447800000| Complete |  0
| 117|0x0000000447c00000, 0x0000000447c00000, 0x0000000448000000|  0%| F|  |TAMS 0x0000000447c00000| PB 0x0000000447c00000| Untracked |  0
| 118|0x0000000448000000, 0x0000000448400000, 0x0000000448400000|100%| O|Cm|TAMS 0x0000000448000000| PB 0x0000000448000000| Complete |  0
| 119|0x0000000448400000, 0x0000000448800000, 0x0000000448800000|100%| O|Cm|TAMS 0x0000000448400000| PB 0x0000000448400000| Complete |  0
| 120|0x0000000448800000, 0x0000000448c00000, 0x0000000448c00000|100%| O|Cm|TAMS 0x0000000448800000| PB 0x0000000448800000| Complete |  0
| 121|0x0000000448c00000, 0x0000000449000000, 0x0000000449000000|100%| O|Cm|TAMS 0x0000000448c00000| PB 0x0000000448c00000| Complete |  0
| 122|0x0000000449000000, 0x0000000449400000, 0x0000000449400000|100%| O|Cm|TAMS 0x0000000449000000| PB 0x0000000449000000| Complete |  0
| 123|0x0000000449400000, 0x0000000449800000, 0x0000000449800000|100%| O|Cm|TAMS 0x0000000449400000| PB 0x0000000449400000| Complete |  0
| 124|0x0000000449800000, 0x0000000449800000, 0x0000000449c00000|  0%| F|  |TAMS 0x0000000449800000| PB 0x0000000449800000| Untracked |  0
| 125|0x0000000449c00000, 0x000000044a000000, 0x000000044a000000|100%| O|Cm|TAMS 0x0000000449c00000| PB 0x0000000449c00000| Complete |  0
| 126|0x000000044a000000, 0x000000044a400000, 0x000000044a400000|100%| O|Cm|TAMS 0x000000044a000000| PB 0x000000044a000000| Complete |  0
| 127|0x000000044a400000, 0x000000044a400000, 0x000000044a800000|  0%| F|  |TAMS 0x000000044a400000| PB 0x000000044a400000| Untracked |  0
| 128|0x000000044a800000, 0x000000044a800000, 0x000000044ac00000|  0%| F|  |TAMS 0x000000044a800000| PB 0x000000044a800000| Untracked |  0
| 129|0x000000044ac00000, 0x000000044ac00000, 0x000000044b000000|  0%| F|  |TAMS 0x000000044ac00000| PB 0x000000044ac00000| Untracked |  0
| 130|0x000000044b000000, 0x000000044b400000, 0x000000044b400000|100%| O|Cm|TAMS 0x000000044b000000| PB 0x000000044b000000| Complete |  0
| 131|0x000000044b400000, 0x000000044b800000, 0x000000044b800000|100%| O|Cm|TAMS 0x000000044b400000| PB 0x000000044b400000| Complete |  0
| 132|0x000000044b800000, 0x000000044b800000, 0x000000044bc00000|  0%| F|  |TAMS 0x000000044b800000| PB 0x000000044b800000| Untracked |  0
| 133|0x000000044bc00000, 0x000000044bc00000, 0x000000044c000000|  0%| F|  |TAMS 0x000000044bc00000| PB 0x000000044bc00000| Untracked |  0
| 134|0x000000044c000000, 0x000000044c400000, 0x000000044c400000|100%| O|Cm|TAMS 0x000000044c000000| PB 0x000000044c000000| Complete |  0
| 135|0x000000044c400000, 0x000000044c800000, 0x000000044c800000|100%| O|Cm|TAMS 0x000000044c400000| PB 0x000000044c400000| Complete |  0
| 136|0x000000044c800000, 0x000000044c800000, 0x000000044cc00000|  0%| F|  |TAMS 0x000000044c800000| PB 0x000000044c800000| Untracked |  0
| 137|0x000000044cc00000, 0x000000044d000000, 0x000000044d000000|100%| O|Cm|TAMS 0x000000044cc00000| PB 0x000000044cc00000| Complete |  0
| 138|0x000000044d000000, 0x000000044d400000, 0x000000044d400000|100%| O|  |TAMS 0x000000044d000000| PB 0x000000044d000000| Untracked |  0
| 139|0x000000044d400000, 0x000000044d800000, 0x000000044d800000|100%| O|Cm|TAMS 0x000000044d400000| PB 0x000000044d400000| Complete |  0
| 140|0x000000044d800000, 0x000000044dc00000, 0x000000044dc00000|100%| O|Cm|TAMS 0x000000044d800000| PB 0x000000044d800000| Complete |  0
| 141|0x000000044dc00000, 0x000000044dc00000, 0x000000044e000000|  0%| F|  |TAMS 0x000000044dc00000| PB 0x000000044dc00000| Untracked |  0
| 142|0x000000044e000000, 0x000000044e000000, 0x000000044e400000|  0%| F|  |TAMS 0x000000044e000000| PB 0x000000044e000000| Untracked |  0
| 143|0x000000044e400000, 0x000000044e400000, 0x000000044e800000|  0%| F|  |TAMS 0x000000044e400000| PB 0x000000044e400000| Untracked |  0
| 144|0x000000044e800000, 0x000000044ec00000, 0x000000044ec00000|100%| O|Cm|TAMS 0x000000044e800000| PB 0x000000044e800000| Complete |  0
| 145|0x000000044ec00000, 0x000000044f000000, 0x000000044f000000|100%| O|Cm|TAMS 0x000000044ec00000| PB 0x000000044ec00000| Complete |  0
| 146|0x000000044f000000, 0x000000044f000000, 0x000000044f400000|  0%| F|  |TAMS 0x000000044f000000| PB 0x000000044f000000| Untracked |  0
| 147|0x000000044f400000, 0x000000044f400000, 0x000000044f800000|  0%| F|  |TAMS 0x000000044f400000| PB 0x000000044f400000| Untracked |  0
| 148|0x000000044f800000, 0x000000044fc00000, 0x000000044fc00000|100%| O|Cm|TAMS 0x000000044f800000| PB 0x000000044f800000| Complete |  0
| 149|0x000000044fc00000, 0x0000000450000000, 0x0000000450000000|100%| O|Cm|TAMS 0x000000044fc00000| PB 0x000000044fc00000| Complete |  0
| 150|0x0000000450000000, 0x0000000450400000, 0x0000000450400000|100%| O|  |TAMS 0x0000000450000000| PB 0x0000000450000000| Untracked |  0
| 151|0x0000000450400000, 0x0000000450800000, 0x0000000450800000|100%| O|  |TAMS 0x0000000450400000| PB 0x0000000450400000| Untracked |  0
| 152|0x0000000450800000, 0x0000000450c00000, 0x0000000450c00000|100%| O|  |TAMS 0x0000000450800000| PB 0x0000000450800000| Untracked |  0
| 153|0x0000000450c00000, 0x0000000451000000, 0x0000000451000000|100%| O|  |TAMS 0x0000000450c00000| PB 0x0000000450c00000| Untracked |  0
| 154|0x0000000451000000, 0x0000000451400000, 0x0000000451400000|100%| O|  |TAMS 0x0000000451000000| PB 0x0000000451000000| Untracked |  0
| 155|0x0000000451400000, 0x0000000451800000, 0x0000000451800000|100%| O|Cm|TAMS 0x0000000451400000| PB 0x0000000451400000| Complete |  0
| 156|0x0000000451800000, 0x0000000451c00000, 0x0000000451c00000|100%| O|Cm|TAMS 0x0000000451800000| PB 0x0000000451800000| Complete |  0
| 157|0x0000000451c00000, 0x0000000452000000, 0x0000000452000000|100%| O|Cm|TAMS 0x0000000451c00000| PB 0x0000000451c00000| Complete |  0
| 158|0x0000000452000000, 0x0000000452000000, 0x0000000452400000|  0%| F|  |TAMS 0x0000000452000000| PB 0x0000000452000000| Untracked |  0
| 159|0x0000000452400000, 0x0000000452400000, 0x0000000452800000|  0%| F|  |TAMS 0x0000000452400000| PB 0x0000000452400000| Untracked |  0
| 160|0x0000000452800000, 0x0000000452c00000, 0x0000000452c00000|100%| O|  |TAMS 0x0000000452800000| PB 0x0000000452800000| Untracked |  0
| 161|0x0000000452c00000, 0x0000000452c00000, 0x0000000453000000|  0%| F|  |TAMS 0x0000000452c00000| PB 0x0000000452c00000| Untracked |  0
| 162|0x0000000453000000, 0x0000000453400000, 0x0000000453400000|100%| O|Cm|TAMS 0x0000000453000000| PB 0x0000000453000000| Complete |  0
| 163|0x0000000453400000, 0x0000000453800000, 0x0000000453800000|100%| O|Cm|TAMS 0x0000000453400000| PB 0x0000000453400000| Complete |  0
| 164|0x0000000453800000, 0x0000000453c00000, 0x0000000453c00000|100%| O|Cm|TAMS 0x0000000453800000| PB 0x0000000453800000| Complete |  0
| 165|0x0000000453c00000, 0x0000000454000000, 0x0000000454000000|100%| O|Cm|TAMS 0x0000000453c00000| PB 0x0000000453c00000| Complete |  0
| 166|0x0000000454000000, 0x0000000454400000, 0x0000000454400000|100%| O|Cm|TAMS 0x0000000454000000| PB 0x0000000454000000| Complete |  0
| 167|0x0000000454400000, 0x0000000454800000, 0x0000000454800000|100%| O|Cm|TAMS 0x0000000454400000| PB 0x0000000454400000| Complete |  0
| 168|0x0000000454800000, 0x0000000454c00000, 0x0000000454c00000|100%| O|  |TAMS 0x0000000454800000| PB 0x0000000454800000| Untracked |  0
| 169|0x0000000454c00000, 0x0000000455000000, 0x0000000455000000|100%| O|Cm|TAMS 0x0000000454c00000| PB 0x0000000454c00000| Complete |  0
| 170|0x0000000455000000, 0x0000000455000000, 0x0000000455400000|  0%| F|  |TAMS 0x0000000455000000| PB 0x0000000455000000| Untracked |  0
| 171|0x0000000455400000, 0x0000000455400000, 0x0000000455800000|  0%| F|  |TAMS 0x0000000455400000| PB 0x0000000455400000| Untracked |  0
| 172|0x0000000455800000, 0x0000000455c00000, 0x0000000455c00000|100%| O|  |TAMS 0x0000000455800000| PB 0x0000000455800000| Untracked |  0
| 173|0x0000000455c00000, 0x0000000455c00000, 0x0000000456000000|  0%| F|  |TAMS 0x0000000455c00000| PB 0x0000000455c00000| Untracked |  0
| 174|0x0000000456000000, 0x0000000456000000, 0x0000000456400000|  0%| F|  |TAMS 0x0000000456000000| PB 0x0000000456000000| Untracked |  0
| 175|0x0000000456400000, 0x0000000456800000, 0x0000000456800000|100%| O|Cm|TAMS 0x0000000456400000| PB 0x0000000456400000| Complete |  0
| 176|0x0000000456800000, 0x0000000456800000, 0x0000000456c00000|  0%| F|  |TAMS 0x0000000456800000| PB 0x0000000456800000| Untracked |  0
| 177|0x0000000456c00000, 0x0000000457000000, 0x0000000457000000|100%| O|Cm|TAMS 0x0000000456c00000| PB 0x0000000456c00000| Complete |  0
| 178|0x0000000457000000, 0x0000000457400000, 0x0000000457400000|100%| O|  |TAMS 0x0000000457000000| PB 0x0000000457000000| Untracked |  0
| 179|0x0000000457400000, 0x0000000457800000, 0x0000000457800000|100%| O|  |TAMS 0x0000000457400000| PB 0x0000000457400000| Untracked |  0
| 180|0x0000000457800000, 0x0000000457c00000, 0x0000000457c00000|100%| O|  |TAMS 0x0000000457800000| PB 0x0000000457800000| Untracked |  0
| 181|0x0000000457c00000, 0x0000000458000000, 0x0000000458000000|100%| O|Cm|TAMS 0x0000000457c00000| PB 0x0000000457c00000| Complete |  0
| 182|0x0000000458000000, 0x0000000458000000, 0x0000000458400000|  0%| F|  |TAMS 0x0000000458000000| PB 0x0000000458000000| Untracked |  0
| 183|0x0000000458400000, 0x0000000458800000, 0x0000000458800000|100%| O|Cm|TAMS 0x0000000458400000| PB 0x0000000458400000| Complete |  0
| 184|0x0000000458800000, 0x0000000458c00000, 0x0000000458c00000|100%| O|Cm|TAMS 0x0000000458800000| PB 0x0000000458800000| Complete |  0
| 185|0x0000000458c00000, 0x0000000459000000, 0x0000000459000000|100%| O|Cm|TAMS 0x0000000458c00000| PB 0x0000000458c00000| Complete |  0
| 186|0x0000000459000000, 0x0000000459000000, 0x0000000459400000|  0%| F|  |TAMS 0x0000000459000000| PB 0x0000000459000000| Untracked |  0
| 187|0x0000000459400000, 0x0000000459800000, 0x0000000459800000|100%| O|Cm|TAMS 0x0000000459400000| PB 0x0000000459400000| Complete |  0
| 188|0x0000000459800000, 0x0000000459c00000, 0x0000000459c00000|100%| O|Cm|TAMS 0x0000000459800000| PB 0x0000000459800000| Complete |  0
| 189|0x0000000459c00000, 0x000000045a000000, 0x000000045a000000|100%| O|  |TAMS 0x0000000459c00000| PB 0x0000000459c00000| Untracked |  0
| 190|0x000000045a000000, 0x000000045a000000, 0x000000045a400000|  0%| F|  |TAMS 0x000000045a000000| PB 0x000000045a000000| Untracked |  0
| 191|0x000000045a400000, 0x000000045a800000, 0x000000045a800000|100%| O|  |TAMS 0x000000045a400000| PB 0x000000045a400000| Untracked |  0
| 192|0x000000045a800000, 0x000000045ac00000, 0x000000045ac00000|100%| O|Cm|TAMS 0x000000045a800000| PB 0x000000045a800000| Complete |  0
| 193|0x000000045ac00000, 0x000000045ac00000, 0x000000045b000000|  0%| F|  |TAMS 0x000000045ac00000| PB 0x000000045ac00000| Untracked |  0
| 194|0x000000045b000000, 0x000000045b000000, 0x000000045b400000|  0%| F|  |TAMS 0x000000045b000000| PB 0x000000045b000000| Untracked |  0
| 195|0x000000045b400000, 0x000000045b800000, 0x000000045b800000|100%| O|  |TAMS 0x000000045b400000| PB 0x000000045b400000| Untracked |  0
| 196|0x000000045b800000, 0x000000045b800000, 0x000000045bc00000|  0%| F|  |TAMS 0x000000045b800000| PB 0x000000045b800000| Untracked |  0
| 197|0x000000045bc00000, 0x000000045c000000, 0x000000045c000000|100%| O|Cm|TAMS 0x000000045bc00000| PB 0x000000045bc00000| Complete |  0
| 198|0x000000045c000000, 0x000000045c400000, 0x000000045c400000|100%| O|Cm|TAMS 0x000000045c000000| PB 0x000000045c000000| Complete |  0
| 199|0x000000045c400000, 0x000000045c400000, 0x000000045c800000|  0%| F|  |TAMS 0x000000045c400000| PB 0x000000045c400000| Untracked |  0
| 200|0x000000045c800000, 0x000000045c800000, 0x000000045cc00000|  0%| F|  |TAMS 0x000000045c800000| PB 0x000000045c800000| Untracked |  0
| 201|0x000000045cc00000, 0x000000045d000000, 0x000000045d000000|100%| O|Cm|TAMS 0x000000045cc00000| PB 0x000000045cc00000| Complete |  0
| 202|0x000000045d000000, 0x000000045d400000, 0x000000045d400000|100%| O|Cm|TAMS 0x000000045d000000| PB 0x000000045d000000| Complete |  0
| 203|0x000000045d400000, 0x000000045d800000, 0x000000045d800000|100%| O|Cm|TAMS 0x000000045d400000| PB 0x000000045d400000| Complete |  0
| 204|0x000000045d800000, 0x000000045d800000, 0x000000045dc00000|  0%| F|  |TAMS 0x000000045d800000| PB 0x000000045d800000| Untracked |  0
| 205|0x000000045dc00000, 0x000000045e000000, 0x000000045e000000|100%| O|Cm|TAMS 0x000000045dc00000| PB 0x000000045dc00000| Complete |  0
| 206|0x000000045e000000, 0x000000045e400000, 0x000000045e400000|100%| O|Cm|TAMS 0x000000045e000000| PB 0x000000045e000000| Complete |  0
| 207|0x000000045e400000, 0x000000045e800000, 0x000000045e800000|100%| O|Cm|TAMS 0x000000045e400000| PB 0x000000045e400000| Complete |  0
| 208|0x000000045e800000, 0x000000045e800000, 0x000000045ec00000|  0%| F|  |TAMS 0x000000045e800000| PB 0x000000045e800000| Untracked |  0
| 209|0x000000045ec00000, 0x000000045ec00000, 0x000000045f000000|  0%| F|  |TAMS 0x000000045ec00000| PB 0x000000045ec00000| Untracked |  0
| 210|0x000000045f000000, 0x000000045f000000, 0x000000045f400000|  0%| F|  |TAMS 0x000000045f000000| PB 0x000000045f000000| Untracked |  0
| 211|0x000000045f400000, 0x000000045f400000, 0x000000045f800000|  0%| F|  |TAMS 0x000000045f400000| PB 0x000000045f400000| Untracked |  0
| 212|0x000000045f800000, 0x000000045fc00000, 0x000000045fc00000|100%| O|Cm|TAMS 0x000000045f800000| PB 0x000000045f800000| Complete |  0
| 213|0x000000045fc00000, 0x000000045fc00000, 0x0000000460000000|  0%| F|  |TAMS 0x000000045fc00000| PB 0x000000045fc00000| Untracked |  0
| 214|0x0000000460000000, 0x0000000460000000, 0x0000000460400000|  0%| F|  |TAMS 0x0000000460000000| PB 0x0000000460000000| Untracked |  0
| 215|0x0000000460400000, 0x0000000460400000, 0x0000000460800000|  0%| F|  |TAMS 0x0000000460400000| PB 0x0000000460400000| Untracked |  0
| 216|0x0000000460800000, 0x0000000460c00000, 0x0000000460c00000|100%| O|Cm|TAMS 0x0000000460800000| PB 0x0000000460800000| Complete |  0
| 217|0x0000000460c00000, 0x0000000461000000, 0x0000000461000000|100%| O|Cm|TAMS 0x0000000460c00000| PB 0x0000000460c00000| Complete |  0
| 218|0x0000000461000000, 0x0000000461400000, 0x0000000461400000|100%| O|Cm|TAMS 0x0000000461000000| PB 0x0000000461000000| Complete |  0
| 219|0x0000000461400000, 0x0000000461400000, 0x0000000461800000|  0%| F|  |TAMS 0x0000000461400000| PB 0x0000000461400000| Untracked |  0
| 220|0x0000000461800000, 0x0000000461800000, 0x0000000461c00000|  0%| F|  |TAMS 0x0000000461800000| PB 0x0000000461800000| Untracked |  0
| 221|0x0000000461c00000, 0x0000000461c00000, 0x0000000462000000|  0%| F|  |TAMS 0x0000000461c00000| PB 0x0000000461c00000| Untracked |  0
| 222|0x0000000462000000, 0x0000000462000000, 0x0000000462400000|  0%| F|  |TAMS 0x0000000462000000| PB 0x0000000462000000| Untracked |  0
| 223|0x0000000462400000, 0x0000000462800000, 0x0000000462800000|100%| O|Cm|TAMS 0x0000000462400000| PB 0x0000000462400000| Complete |  0
| 224|0x0000000462800000, 0x0000000462c00000, 0x0000000462c00000|100%| O|Cm|TAMS 0x0000000462800000| PB 0x0000000462800000| Complete |  0
| 225|0x0000000462c00000, 0x0000000463000000, 0x0000000463000000|100%| O|Cm|TAMS 0x0000000462c00000| PB 0x0000000462c00000| Complete |  0
| 226|0x0000000463000000, 0x0000000463000000, 0x0000000463400000|  0%| F|  |TAMS 0x0000000463000000| PB 0x0000000463000000| Untracked |  0
| 227|0x0000000463400000, 0x0000000463400000, 0x0000000463800000|  0%| F|  |TAMS 0x0000000463400000| PB 0x0000000463400000| Untracked |  0
| 228|0x0000000463800000, 0x0000000463c00000, 0x0000000463c00000|100%| O|Cm|TAMS 0x0000000463800000| PB 0x0000000463800000| Complete |  0
| 229|0x0000000463c00000, 0x0000000464000000, 0x0000000464000000|100%| O|Cm|TAMS 0x0000000463c00000| PB 0x0000000463c00000| Complete |  0
| 230|0x0000000464000000, 0x0000000464000000, 0x0000000464400000|  0%| F|  |TAMS 0x0000000464000000| PB 0x0000000464000000| Untracked |  0
| 231|0x0000000464400000, 0x0000000464400000, 0x0000000464800000|  0%| F|  |TAMS 0x0000000464400000| PB 0x0000000464400000| Untracked |  0
| 232|0x0000000464800000, 0x0000000464800000, 0x0000000464c00000|  0%| F|  |TAMS 0x0000000464800000| PB 0x0000000464800000| Untracked |  0
| 233|0x0000000464c00000, 0x0000000464c00000, 0x0000000465000000|  0%| F|  |TAMS 0x0000000464c00000| PB 0x0000000464c00000| Untracked |  0
| 234|0x0000000465000000, 0x0000000465000000, 0x0000000465400000|  0%| F|  |TAMS 0x0000000465000000| PB 0x0000000465000000| Untracked |  0
| 235|0x0000000465400000, 0x0000000465400000, 0x0000000465800000|  0%| F|  |TAMS 0x0000000465400000| PB 0x0000000465400000| Untracked |  0
| 236|0x0000000465800000, 0x0000000465c00000, 0x0000000465c00000|100%| O|Cm|TAMS 0x0000000465800000| PB 0x0000000465800000| Complete |  0
| 237|0x0000000465c00000, 0x0000000466000000, 0x0000000466000000|100%| O|Cm|TAMS 0x0000000465c00000| PB 0x0000000465c00000| Complete |  0
| 238|0x0000000466000000, 0x0000000466000000, 0x0000000466400000|  0%| F|  |TAMS 0x0000000466000000| PB 0x0000000466000000| Untracked |  0
| 239|0x0000000466400000, 0x0000000466400000, 0x0000000466800000|  0%| F|  |TAMS 0x0000000466400000| PB 0x0000000466400000| Untracked |  0
| 240|0x0000000466800000, 0x0000000466c00000, 0x0000000466c00000|100%| O|Cm|TAMS 0x0000000466800000| PB 0x0000000466800000| Complete |  0
| 241|0x0000000466c00000, 0x0000000467000000, 0x0000000467000000|100%| O|Cm|TAMS 0x0000000466c00000| PB 0x0000000466c00000| Complete |  0
| 242|0x0000000467000000, 0x0000000467000000, 0x0000000467400000|  0%| F|  |TAMS 0x0000000467000000| PB 0x0000000467000000| Untracked |  0
| 243|0x0000000467400000, 0x0000000467800000, 0x0000000467800000|100%| O|Cm|TAMS 0x0000000467400000| PB 0x0000000467400000| Complete |  0
| 244|0x0000000467800000, 0x0000000467c00000, 0x0000000467c00000|100%| O|Cm|TAMS 0x0000000467800000| PB 0x0000000467800000| Complete |  0
| 245|0x0000000467c00000, 0x0000000467c00000, 0x0000000468000000|  0%| F|  |TAMS 0x0000000467c00000| PB 0x0000000467c00000| Untracked |  0
| 246|0x0000000468000000, 0x0000000468000000, 0x0000000468400000|  0%| F|  |TAMS 0x0000000468000000| PB 0x0000000468000000| Untracked |  0
| 247|0x0000000468400000, 0x0000000468400000, 0x0000000468800000|  0%| F|  |TAMS 0x0000000468400000| PB 0x0000000468400000| Untracked |  0
| 248|0x0000000468800000, 0x0000000468800000, 0x0000000468c00000|  0%| F|  |TAMS 0x0000000468800000| PB 0x0000000468800000| Untracked |  0
| 249|0x0000000468c00000, 0x0000000468c00000, 0x0000000469000000|  0%| F|  |TAMS 0x0000000468c00000| PB 0x0000000468c00000| Untracked |  0
| 250|0x0000000469000000, 0x0000000469400000, 0x0000000469400000|100%| O|Cm|TAMS 0x0000000469000000| PB 0x0000000469000000| Complete |  0
| 251|0x0000000469400000, 0x0000000469800000, 0x0000000469800000|100%| O|Cm|TAMS 0x0000000469400000| PB 0x0000000469400000| Complete |  0
| 252|0x0000000469800000, 0x0000000469800000, 0x0000000469c00000|  0%| F|  |TAMS 0x0000000469800000| PB 0x0000000469800000| Untracked |  0
| 253|0x0000000469c00000, 0x000000046a000000, 0x000000046a000000|100%| O|Cm|TAMS 0x0000000469c00000| PB 0x0000000469c00000| Complete |  0
| 254|0x000000046a000000, 0x000000046a400000, 0x000000046a400000|100%| O|Cm|TAMS 0x000000046a000000| PB 0x000000046a000000| Complete |  0
| 255|0x000000046a400000, 0x000000046a800000, 0x000000046a800000|100%| O|Cm|TAMS 0x000000046a400000| PB 0x000000046a400000| Complete |  0
| 256|0x000000046a800000, 0x000000046ac00000, 0x000000046ac00000|100%| O|Cm|TAMS 0x000000046a800000| PB 0x000000046a800000| Complete |  0
| 257|0x000000046ac00000, 0x000000046b000000, 0x000000046b000000|100%| O|Cm|TAMS 0x000000046ac00000| PB 0x000000046ac00000| Complete |  0
| 258|0x000000046b000000, 0x000000046b400000, 0x000000046b400000|100%| O|Cm|TAMS 0x000000046b000000| PB 0x000000046b000000| Complete |  0
| 259|0x000000046b400000, 0x000000046b400000, 0x000000046b800000|  0%| F|  |TAMS 0x000000046b400000| PB 0x000000046b400000| Untracked |  0
| 260|0x000000046b800000, 0x000000046b800000, 0x000000046bc00000|  0%| F|  |TAMS 0x000000046b800000| PB 0x000000046b800000| Untracked |  0
| 261|0x000000046bc00000, 0x000000046c000000, 0x000000046c000000|100%| O|Cm|TAMS 0x000000046bc00000| PB 0x000000046bc00000| Complete |  0
| 262|0x000000046c000000, 0x000000046c400000, 0x000000046c400000|100%| O|Cm|TAMS 0x000000046c000000| PB 0x000000046c000000| Complete |  0
| 263|0x000000046c400000, 0x000000046c800000, 0x000000046c800000|100%| O|Cm|TAMS 0x000000046c400000| PB 0x000000046c400000| Complete |  0
| 264|0x000000046c800000, 0x000000046cc00000, 0x000000046cc00000|100%| O|Cm|TAMS 0x000000046c800000| PB 0x000000046c800000| Complete |  0
| 265|0x000000046cc00000, 0x000000046cc00000, 0x000000046d000000|  0%| F|  |TAMS 0x000000046cc00000| PB 0x000000046cc00000| Untracked |  0
| 266|0x000000046d000000, 0x000000046d400000, 0x000000046d400000|100%| O|Cm|TAMS 0x000000046d000000| PB 0x000000046d000000| Complete |  0
| 267|0x000000046d400000, 0x000000046d800000, 0x000000046d800000|100%| O|Cm|TAMS 0x000000046d400000| PB 0x000000046d400000| Complete |  0
| 268|0x000000046d800000, 0x000000046dc00000, 0x000000046dc00000|100%| O|Cm|TAMS 0x000000046d800000| PB 0x000000046d800000| Complete |  0
| 269|0x000000046dc00000, 0x000000046dc00000, 0x000000046e000000|  0%| F|  |TAMS 0x000000046dc00000| PB 0x000000046dc00000| Untracked |  0
| 270|0x000000046e000000, 0x000000046e400000, 0x000000046e400000|100%| O|Cm|TAMS 0x000000046e000000| PB 0x000000046e000000| Complete |  0
| 271|0x000000046e400000, 0x000000046e800000, 0x000000046e800000|100%| O|Cm|TAMS 0x000000046e400000| PB 0x000000046e400000| Complete |  0
| 272|0x000000046e800000, 0x000000046ec00000, 0x000000046ec00000|100%| O|Cm|TAMS 0x000000046e800000| PB 0x000000046e800000| Complete |  0
| 273|0x000000046ec00000, 0x000000046f000000, 0x000000046f000000|100%| O|Cm|TAMS 0x000000046ec00000| PB 0x000000046ec00000| Complete |  0
| 274|0x000000046f000000, 0x000000046f000000, 0x000000046f400000|  0%| F|  |TAMS 0x000000046f000000| PB 0x000000046f000000| Untracked |  0
| 275|0x000000046f400000, 0x000000046f400000, 0x000000046f800000|  0%| F|  |TAMS 0x000000046f400000| PB 0x000000046f400000| Untracked |  0
| 276|0x000000046f800000, 0x000000046f800000, 0x000000046fc00000|  0%| F|  |TAMS 0x000000046f800000| PB 0x000000046f800000| Untracked |  0
| 277|0x000000046fc00000, 0x0000000470000000, 0x0000000470000000|100%| O|Cm|TAMS 0x000000046fc00000| PB 0x000000046fc00000| Complete |  0
| 278|0x0000000470000000, 0x0000000470400000, 0x0000000470400000|100%| O|Cm|TAMS 0x0000000470000000| PB 0x0000000470000000| Complete |  0
| 279|0x0000000470400000, 0x0000000470800000, 0x0000000470800000|100%| O|Cm|TAMS 0x0000000470400000| PB 0x0000000470400000| Complete |  0
| 280|0x0000000470800000, 0x0000000470800000, 0x0000000470c00000|  0%| F|  |TAMS 0x0000000470800000| PB 0x0000000470800000| Untracked |  0
| 281|0x0000000470c00000, 0x0000000470c00000, 0x0000000471000000|  0%| F|  |TAMS 0x0000000470c00000| PB 0x0000000470c00000| Untracked |  0
| 282|0x0000000471000000, 0x0000000471000000, 0x0000000471400000|  0%| F|  |TAMS 0x0000000471000000| PB 0x0000000471000000| Untracked |  0
| 283|0x0000000471400000, 0x0000000471400000, 0x0000000471800000|  0%| F|  |TAMS 0x0000000471400000| PB 0x0000000471400000| Untracked |  0
| 284|0x0000000471800000, 0x0000000471c00000, 0x0000000471c00000|100%| O|Cm|TAMS 0x0000000471800000| PB 0x0000000471800000| Complete |  0
| 285|0x0000000471c00000, 0x0000000472000000, 0x0000000472000000|100%| O|Cm|TAMS 0x0000000471c00000| PB 0x0000000471c00000| Complete |  0
| 286|0x0000000472000000, 0x0000000472400000, 0x0000000472400000|100%| O|Cm|TAMS 0x0000000472000000| PB 0x0000000472000000| Complete |  0
| 287|0x0000000472400000, 0x0000000472800000, 0x0000000472800000|100%| O|Cm|TAMS 0x0000000472400000| PB 0x0000000472400000| Complete |  0
| 288|0x0000000472800000, 0x0000000472c00000, 0x0000000472c00000|100%| O|Cm|TAMS 0x0000000472800000| PB 0x0000000472800000| Complete |  0
| 289|0x0000000472c00000, 0x0000000473000000, 0x0000000473000000|100%| O|Cm|TAMS 0x0000000472c00000| PB 0x0000000472c00000| Complete |  0
| 290|0x0000000473000000, 0x0000000473000000, 0x0000000473400000|  0%| F|  |TAMS 0x0000000473000000| PB 0x0000000473000000| Untracked |  0
| 291|0x0000000473400000, 0x0000000473800000, 0x0000000473800000|100%| O|Cm|TAMS 0x0000000473400000| PB 0x0000000473400000| Complete |  0
| 292|0x0000000473800000, 0x0000000473800000, 0x0000000473c00000|  0%| F|  |TAMS 0x0000000473800000| PB 0x0000000473800000| Untracked |  0
| 293|0x0000000473c00000, 0x0000000473c00000, 0x0000000474000000|  0%| F|  |TAMS 0x0000000473c00000| PB 0x0000000473c00000| Untracked |  0
| 294|0x0000000474000000, 0x0000000474000000, 0x0000000474400000|  0%| F|  |TAMS 0x0000000474000000| PB 0x0000000474000000| Untracked |  0
| 295|0x0000000474400000, 0x0000000474400000, 0x0000000474800000|  0%| F|  |TAMS 0x0000000474400000| PB 0x0000000474400000| Untracked |  0
| 296|0x0000000474800000, 0x0000000474c00000, 0x0000000474c00000|100%| O|Cm|TAMS 0x0000000474800000| PB 0x0000000474800000| Complete |  0
| 297|0x0000000474c00000, 0x0000000475000000, 0x0000000475000000|100%| O|Cm|TAMS 0x0000000474c00000| PB 0x0000000474c00000| Complete |  0
| 298|0x0000000475000000, 0x0000000475000000, 0x0000000475400000|  0%| F|  |TAMS 0x0000000475000000| PB 0x0000000475000000| Untracked |  0
| 299|0x0000000475400000, 0x0000000475800000, 0x0000000475800000|100%| O|Cm|TAMS 0x0000000475400000| PB 0x0000000475400000| Complete |  0
| 300|0x0000000475800000, 0x0000000475800000, 0x0000000475c00000|  0%| F|  |TAMS 0x0000000475800000| PB 0x0000000475800000| Untracked |  0
| 301|0x0000000475c00000, 0x0000000476000000, 0x0000000476000000|100%| O|Cm|TAMS 0x0000000475c00000| PB 0x0000000475c00000| Complete |  0
| 302|0x0000000476000000, 0x0000000476000000, 0x0000000476400000|  0%| F|  |TAMS 0x0000000476000000| PB 0x0000000476000000| Untracked |  0
| 303|0x0000000476400000, 0x0000000476800000, 0x0000000476800000|100%| O|Cm|TAMS 0x0000000476400000| PB 0x0000000476400000| Complete |  0
| 304|0x0000000476800000, 0x0000000476800000, 0x0000000476c00000|  0%| F|  |TAMS 0x0000000476800000| PB 0x0000000476800000| Untracked |  0
| 305|0x0000000476c00000, 0x0000000476c00000, 0x0000000477000000|  0%| F|  |TAMS 0x0000000476c00000| PB 0x0000000476c00000| Untracked |  0
| 306|0x0000000477000000, 0x0000000477400000, 0x0000000477400000|100%| O|Cm|TAMS 0x0000000477000000| PB 0x0000000477000000| Complete |  0
| 307|0x0000000477400000, 0x0000000477800000, 0x0000000477800000|100%| O|Cm|TAMS 0x0000000477400000| PB 0x0000000477400000| Complete |  0
| 308|0x0000000477800000, 0x0000000477800000, 0x0000000477c00000|  0%| F|  |TAMS 0x0000000477800000| PB 0x0000000477800000| Untracked |  0
| 309|0x0000000477c00000, 0x0000000478000000, 0x0000000478000000|100%| O|Cm|TAMS 0x0000000477c00000| PB 0x0000000477c00000| Complete |  0
| 310|0x0000000478000000, 0x0000000478400000, 0x0000000478400000|100%| O|Cm|TAMS 0x0000000478000000| PB 0x0000000478000000| Complete |  0
| 311|0x0000000478400000, 0x0000000478800000, 0x0000000478800000|100%| O|Cm|TAMS 0x0000000478400000| PB 0x0000000478400000| Complete |  0
| 312|0x0000000478800000, 0x0000000478800000, 0x0000000478c00000|  0%| F|  |TAMS 0x0000000478800000| PB 0x0000000478800000| Untracked |  0
| 313|0x0000000478c00000, 0x0000000478c00000, 0x0000000479000000|  0%| F|  |TAMS 0x0000000478c00000| PB 0x0000000478c00000| Untracked |  0
| 314|0x0000000479000000, 0x0000000479400000, 0x0000000479400000|100%| O|Cm|TAMS 0x0000000479000000| PB 0x0000000479000000| Complete |  0
| 315|0x0000000479400000, 0x0000000479800000, 0x0000000479800000|100%| O|Cm|TAMS 0x0000000479400000| PB 0x0000000479400000| Complete |  0
| 316|0x0000000479800000, 0x0000000479c00000, 0x0000000479c00000|100%| O|Cm|TAMS 0x0000000479800000| PB 0x0000000479800000| Complete |  0
| 317|0x0000000479c00000, 0x000000047a000000, 0x000000047a000000|100%| O|Cm|TAMS 0x0000000479c00000| PB 0x0000000479c00000| Complete |  0
| 318|0x000000047a000000, 0x000000047a000000, 0x000000047a400000|  0%| F|  |TAMS 0x000000047a000000| PB 0x000000047a000000| Untracked |  0
| 319|0x000000047a400000, 0x000000047a400000, 0x000000047a800000|  0%| F|  |TAMS 0x000000047a400000| PB 0x000000047a400000| Untracked |  0
| 320|0x000000047a800000, 0x000000047ac00000, 0x000000047ac00000|100%| O|Cm|TAMS 0x000000047a800000| PB 0x000000047a800000| Complete |  0
| 321|0x000000047ac00000, 0x000000047b000000, 0x000000047b000000|100%| O|Cm|TAMS 0x000000047ac00000| PB 0x000000047ac00000| Complete |  0
| 322|0x000000047b000000, 0x000000047b400000, 0x000000047b400000|100%| O|Cm|TAMS 0x000000047b000000| PB 0x000000047b000000| Complete |  0
| 323|0x000000047b400000, 0x000000047b400000, 0x000000047b800000|  0%| F|  |TAMS 0x000000047b400000| PB 0x000000047b400000| Untracked |  0
| 324|0x000000047b800000, 0x000000047bc00000, 0x000000047bc00000|100%| O|Cm|TAMS 0x000000047b800000| PB 0x000000047b800000| Complete |  0
| 325|0x000000047bc00000, 0x000000047c000000, 0x000000047c000000|100%| O|Cm|TAMS 0x000000047bc00000| PB 0x000000047bc00000| Complete |  0
| 326|0x000000047c000000, 0x000000047c400000, 0x000000047c400000|100%| O|Cm|TAMS 0x000000047c000000| PB 0x000000047c000000| Complete |  0
| 327|0x000000047c400000, 0x000000047c400000, 0x000000047c800000|  0%| F|  |TAMS 0x000000047c400000| PB 0x000000047c400000| Untracked |  0
| 328|0x000000047c800000, 0x000000047c800000, 0x000000047cc00000|  0%| F|  |TAMS 0x000000047c800000| PB 0x000000047c800000| Untracked |  0
| 329|0x000000047cc00000, 0x000000047d000000, 0x000000047d000000|100%| O|Cm|TAMS 0x000000047cc00000| PB 0x000000047cc00000| Complete |  0
| 330|0x000000047d000000, 0x000000047d400000, 0x000000047d400000|100%| O|Cm|TAMS 0x000000047d000000| PB 0x000000047d000000| Complete |  0
| 331|0x000000047d400000, 0x000000047d400000, 0x000000047d800000|  0%| F|  |TAMS 0x000000047d400000| PB 0x000000047d400000| Untracked |  0
| 332|0x000000047d800000, 0x000000047d800000, 0x000000047dc00000|  0%| F|  |TAMS 0x000000047d800000| PB 0x000000047d800000| Untracked |  0
| 333|0x000000047dc00000, 0x000000047e000000, 0x000000047e000000|100%| O|Cm|TAMS 0x000000047dc00000| PB 0x000000047dc00000| Complete |  0
| 334|0x000000047e000000, 0x000000047e400000, 0x000000047e400000|100%| O|Cm|TAMS 0x000000047e000000| PB 0x000000047e000000| Complete |  0
| 335|0x000000047e400000, 0x000000047e800000, 0x000000047e800000|100%| O|Cm|TAMS 0x000000047e400000| PB 0x000000047e400000| Complete |  0
| 336|0x000000047e800000, 0x000000047e800000, 0x000000047ec00000|  0%| F|  |TAMS 0x000000047e800000| PB 0x000000047e800000| Untracked |  0
| 337|0x000000047ec00000, 0x000000047ec00000, 0x000000047f000000|  0%| F|  |TAMS 0x000000047ec00000| PB 0x000000047ec00000| Untracked |  0
| 338|0x000000047f000000, 0x000000047f400000, 0x000000047f400000|100%| O|Cm|TAMS 0x000000047f000000| PB 0x000000047f000000| Complete |  0
| 339|0x000000047f400000, 0x000000047f800000, 0x000000047f800000|100%| O|Cm|TAMS 0x000000047f400000| PB 0x000000047f400000| Complete |  0
| 340|0x000000047f800000, 0x000000047f800000, 0x000000047fc00000|  0%| F|  |TAMS 0x000000047f800000| PB 0x000000047f800000| Untracked |  0
| 341|0x000000047fc00000, 0x000000047fc00000, 0x0000000480000000|  0%| F|  |TAMS 0x000000047fc00000| PB 0x000000047fc00000| Untracked |  0
| 342|0x0000000480000000, 0x0000000480000000, 0x0000000480400000|  0%| F|  |TAMS 0x0000000480000000| PB 0x0000000480000000| Untracked |  0
| 343|0x0000000480400000, 0x0000000480800000, 0x0000000480800000|100%| O|Cm|TAMS 0x0000000480400000| PB 0x0000000480400000| Complete |  0
| 344|0x0000000480800000, 0x0000000480800000, 0x0000000480c00000|  0%| F|  |TAMS 0x0000000480800000| PB 0x0000000480800000| Untracked |  0
| 345|0x0000000480c00000, 0x0000000480c00000, 0x0000000481000000|  0%| F|  |TAMS 0x0000000480c00000| PB 0x0000000480c00000| Untracked |  0
| 346|0x0000000481000000, 0x0000000481000000, 0x0000000481400000|  0%| F|  |TAMS 0x0000000481000000| PB 0x0000000481000000| Untracked |  0
| 347|0x0000000481400000, 0x0000000481400000, 0x0000000481800000|  0%| F|  |TAMS 0x0000000481400000| PB 0x0000000481400000| Untracked |  0
| 348|0x0000000481800000, 0x0000000481c00000, 0x0000000481c00000|100%| O|Cm|TAMS 0x0000000481800000| PB 0x0000000481800000| Complete |  0
| 349|0x0000000481c00000, 0x0000000481c00000, 0x0000000482000000|  0%| F|  |TAMS 0x0000000481c00000| PB 0x0000000481c00000| Untracked |  0
| 350|0x0000000482000000, 0x0000000482000000, 0x0000000482400000|  0%| F|  |TAMS 0x0000000482000000| PB 0x0000000482000000| Untracked |  0
| 351|0x0000000482400000, 0x0000000482800000, 0x0000000482800000|100%| O|Cm|TAMS 0x0000000482400000| PB 0x0000000482400000| Complete |  0
| 352|0x0000000482800000, 0x0000000482800000, 0x0000000482c00000|  0%| F|  |TAMS 0x0000000482800000| PB 0x0000000482800000| Untracked |  0
| 353|0x0000000482c00000, 0x0000000482c00000, 0x0000000483000000|  0%| F|  |TAMS 0x0000000482c00000| PB 0x0000000482c00000| Untracked |  0
| 354|0x0000000483000000, 0x0000000483400000, 0x0000000483400000|100%| O|Cm|TAMS 0x0000000483000000| PB 0x0000000483000000| Complete |  0
| 355|0x0000000483400000, 0x0000000483800000, 0x0000000483800000|100%| O|Cm|TAMS 0x0000000483400000| PB 0x0000000483400000| Complete |  0
| 356|0x0000000483800000, 0x0000000483c00000, 0x0000000483c00000|100%| O|Cm|TAMS 0x0000000483800000| PB 0x0000000483800000| Complete |  0
| 357|0x0000000483c00000, 0x0000000484000000, 0x0000000484000000|100%| O|Cm|TAMS 0x0000000483c00000| PB 0x0000000483c00000| Complete |  0
| 358|0x0000000484000000, 0x0000000484400000, 0x0000000484400000|100%| O|Cm|TAMS 0x0000000484000000| PB 0x0000000484000000| Complete |  0
| 359|0x0000000484400000, 0x0000000484800000, 0x0000000484800000|100%| O|Cm|TAMS 0x0000000484400000| PB 0x0000000484400000| Complete |  0
| 360|0x0000000484800000, 0x0000000484c00000, 0x0000000484c00000|100%| O|Cm|TAMS 0x0000000484800000| PB 0x0000000484800000| Complete |  0
| 361|0x0000000484c00000, 0x0000000485000000, 0x0000000485000000|100%| O|Cm|TAMS 0x0000000484c00000| PB 0x0000000484c00000| Complete |  0
| 362|0x0000000485000000, 0x0000000485000000, 0x0000000485400000|  0%| F|  |TAMS 0x0000000485000000| PB 0x0000000485000000| Untracked |  0
| 363|0x0000000485400000, 0x0000000485800000, 0x0000000485800000|100%| O|Cm|TAMS 0x0000000485400000| PB 0x0000000485400000| Complete |  0
| 364|0x0000000485800000, 0x0000000485800000, 0x0000000485c00000|  0%| F|  |TAMS 0x0000000485800000| PB 0x0000000485800000| Untracked |  0
| 365|0x0000000485c00000, 0x0000000485c00000, 0x0000000486000000|  0%| F|  |TAMS 0x0000000485c00000| PB 0x0000000485c00000| Untracked |  0
| 366|0x0000000486000000, 0x0000000486000000, 0x0000000486400000|  0%| F|  |TAMS 0x0000000486000000| PB 0x0000000486000000| Untracked |  0
| 367|0x0000000486400000, 0x0000000486400000, 0x0000000486800000|  0%| F|  |TAMS 0x0000000486400000| PB 0x0000000486400000| Untracked |  0
| 368|0x0000000486800000, 0x0000000486800000, 0x0000000486c00000|  0%| F|  |TAMS 0x0000000486800000| PB 0x0000000486800000| Untracked |  0
| 369|0x0000000486c00000, 0x0000000486c00000, 0x0000000487000000|  0%| F|  |TAMS 0x0000000486c00000| PB 0x0000000486c00000| Untracked |  0
| 370|0x0000000487000000, 0x0000000487000000, 0x0000000487400000|  0%| F|  |TAMS 0x0000000487000000| PB 0x0000000487000000| Untracked |  0
| 371|0x0000000487400000, 0x0000000487400000, 0x0000000487800000|  0%| F|  |TAMS 0x0000000487400000| PB 0x0000000487400000| Untracked |  0
| 372|0x0000000487800000, 0x0000000487800000, 0x0000000487c00000|  0%| F|  |TAMS 0x0000000487800000| PB 0x0000000487800000| Untracked |  0
| 373|0x0000000487c00000, 0x0000000488000000, 0x0000000488000000|100%| O|Cm|TAMS 0x0000000487c00000| PB 0x0000000487c00000| Complete |  0
| 374|0x0000000488000000, 0x0000000488400000, 0x0000000488400000|100%| O|Cm|TAMS 0x0000000488000000| PB 0x0000000488000000| Complete |  0
| 375|0x0000000488400000, 0x0000000488400000, 0x0000000488800000|  0%| F|  |TAMS 0x0000000488400000| PB 0x0000000488400000| Untracked |  0
| 376|0x0000000488800000, 0x0000000488800000, 0x0000000488c00000|  0%| F|  |TAMS 0x0000000488800000| PB 0x0000000488800000| Untracked |  0
| 377|0x0000000488c00000, 0x0000000488c00000, 0x0000000489000000|  0%| F|  |TAMS 0x0000000488c00000| PB 0x0000000488c00000| Untracked |  0
| 378|0x0000000489000000, 0x0000000489400000, 0x0000000489400000|100%| O|Cm|TAMS 0x0000000489000000| PB 0x0000000489000000| Complete |  0
| 379|0x0000000489400000, 0x0000000489400000, 0x0000000489800000|  0%| F|  |TAMS 0x0000000489400000| PB 0x0000000489400000| Untracked |  0
| 380|0x0000000489800000, 0x0000000489800000, 0x0000000489c00000|  0%| F|  |TAMS 0x0000000489800000| PB 0x0000000489800000| Untracked |  0
| 381|0x0000000489c00000, 0x000000048a000000, 0x000000048a000000|100%| O|Cm|TAMS 0x0000000489c00000| PB 0x0000000489c00000| Complete |  0
| 382|0x000000048a000000, 0x000000048a400000, 0x000000048a400000|100%| O|Cm|TAMS 0x000000048a000000| PB 0x000000048a000000| Complete |  0
| 383|0x000000048a400000, 0x000000048a400000, 0x000000048a800000|  0%| F|  |TAMS 0x000000048a400000| PB 0x000000048a400000| Untracked |  0
| 384|0x000000048a800000, 0x000000048a800000, 0x000000048ac00000|  0%| F|  |TAMS 0x000000048a800000| PB 0x000000048a800000| Untracked |  0
| 385|0x000000048ac00000, 0x000000048ac00000, 0x000000048b000000|  0%| F|  |TAMS 0x000000048ac00000| PB 0x000000048ac00000| Untracked |  0
| 386|0x000000048b000000, 0x000000048b000000, 0x000000048b400000|  0%| F|  |TAMS 0x000000048b000000| PB 0x000000048b000000| Untracked |  0
| 387|0x000000048b400000, 0x000000048b800000, 0x000000048b800000|100%| O|Cm|TAMS 0x000000048b400000| PB 0x000000048b400000| Complete |  0
| 388|0x000000048b800000, 0x000000048b800000, 0x000000048bc00000|  0%| F|  |TAMS 0x000000048b800000| PB 0x000000048b800000| Untracked |  0
| 389|0x000000048bc00000, 0x000000048bc00000, 0x000000048c000000|  0%| F|  |TAMS 0x000000048bc00000| PB 0x000000048bc00000| Untracked |  0
| 390|0x000000048c000000, 0x000000048c400000, 0x000000048c400000|100%| O|Cm|TAMS 0x000000048c000000| PB 0x000000048c000000| Complete |  0
| 391|0x000000048c400000, 0x000000048c800000, 0x000000048c800000|100%| O|Cm|TAMS 0x000000048c400000| PB 0x000000048c400000| Complete |  0
| 392|0x000000048c800000, 0x000000048cc00000, 0x000000048cc00000|100%| O|Cm|TAMS 0x000000048c800000| PB 0x000000048c800000| Complete |  0
| 393|0x000000048cc00000, 0x000000048cc00000, 0x000000048d000000|  0%| F|  |TAMS 0x000000048cc00000| PB 0x000000048cc00000| Untracked |  0
| 394|0x000000048d000000, 0x000000048d400000, 0x000000048d400000|100%| O|Cm|TAMS 0x000000048d000000| PB 0x000000048d000000| Complete |  0
| 395|0x000000048d400000, 0x000000048d400000, 0x000000048d800000|  0%| F|  |TAMS 0x000000048d400000| PB 0x000000048d400000| Untracked |  0
| 396|0x000000048d800000, 0x000000048dc00000, 0x000000048dc00000|100%| O|Cm|TAMS 0x000000048d800000| PB 0x000000048d800000| Complete |  0
| 397|0x000000048dc00000, 0x000000048e000000, 0x000000048e000000|100%| O|Cm|TAMS 0x000000048dc00000| PB 0x000000048dc00000| Complete |  0
| 398|0x000000048e000000, 0x000000048e000000, 0x000000048e400000|  0%| F|  |TAMS 0x000000048e000000| PB 0x000000048e000000| Untracked |  0
| 399|0x000000048e400000, 0x000000048e400000, 0x000000048e800000|  0%| F|  |TAMS 0x000000048e400000| PB 0x000000048e400000| Untracked |  0
| 400|0x000000048e800000, 0x000000048e800000, 0x000000048ec00000|  0%| F|  |TAMS 0x000000048e800000| PB 0x000000048e800000| Untracked |  0
| 401|0x000000048ec00000, 0x000000048ec00000, 0x000000048f000000|  0%| F|  |TAMS 0x000000048ec00000| PB 0x000000048ec00000| Untracked |  0
| 402|0x000000048f000000, 0x000000048f000000, 0x000000048f400000|  0%| F|  |TAMS 0x000000048f000000| PB 0x000000048f000000| Untracked |  0
| 403|0x000000048f400000, 0x000000048f400000, 0x000000048f800000|  0%| F|  |TAMS 0x000000048f400000| PB 0x000000048f400000| Untracked |  0
| 404|0x000000048f800000, 0x000000048f800000, 0x000000048fc00000|  0%| F|  |TAMS 0x000000048f800000| PB 0x000000048f800000| Untracked |  0
| 405|0x000000048fc00000, 0x000000048fc00000, 0x0000000490000000|  0%| F|  |TAMS 0x000000048fc00000| PB 0x000000048fc00000| Untracked |  0
| 406|0x0000000490000000, 0x0000000490400000, 0x0000000490400000|100%| O|Cm|TAMS 0x0000000490000000| PB 0x0000000490000000| Complete |  0
| 407|0x0000000490400000, 0x0000000490800000, 0x0000000490800000|100%| O|Cm|TAMS 0x0000000490400000| PB 0x0000000490400000| Complete |  0
| 408|0x0000000490800000, 0x0000000490800000, 0x0000000490c00000|  0%| F|  |TAMS 0x0000000490800000| PB 0x0000000490800000| Untracked |  0
| 409|0x0000000490c00000, 0x0000000490c00000, 0x0000000491000000|  0%| F|  |TAMS 0x0000000490c00000| PB 0x0000000490c00000| Untracked |  0
| 410|0x0000000491000000, 0x0000000491400000, 0x0000000491400000|100%| O|Cm|TAMS 0x0000000491000000| PB 0x0000000491000000| Complete |  0
| 411|0x0000000491400000, 0x0000000491800000, 0x0000000491800000|100%| O|Cm|TAMS 0x0000000491400000| PB 0x0000000491400000| Complete |  0
| 412|0x0000000491800000, 0x0000000491c00000, 0x0000000491c00000|100%| O|Cm|TAMS 0x0000000491800000| PB 0x0000000491800000| Complete |  0
| 413|0x0000000491c00000, 0x0000000491c00000, 0x0000000492000000|  0%| F|  |TAMS 0x0000000491c00000| PB 0x0000000491c00000| Untracked |  0
| 414|0x0000000492000000, 0x0000000492000000, 0x0000000492400000|  0%| F|  |TAMS 0x0000000492000000| PB 0x0000000492000000| Untracked |  0
| 415|0x0000000492400000, 0x0000000492400000, 0x0000000492800000|  0%| F|  |TAMS 0x0000000492400000| PB 0x0000000492400000| Untracked |  0
| 416|0x0000000492800000, 0x0000000492c00000, 0x0000000492c00000|100%| O|Cm|TAMS 0x0000000492800000| PB 0x0000000492800000| Complete |  0
| 417|0x0000000492c00000, 0x0000000493000000, 0x0000000493000000|100%| O|Cm|TAMS 0x0000000492c00000| PB 0x0000000492c00000| Complete |  0
| 418|0x0000000493000000, 0x0000000493000000, 0x0000000493400000|  0%| F|  |TAMS 0x0000000493000000| PB 0x0000000493000000| Untracked |  0
| 419|0x0000000493400000, 0x0000000493800000, 0x0000000493800000|100%| O|Cm|TAMS 0x0000000493400000| PB 0x0000000493400000| Complete |  0
| 420|0x0000000493800000, 0x0000000493800000, 0x0000000493c00000|  0%| F|  |TAMS 0x0000000493800000| PB 0x0000000493800000| Untracked |  0
| 421|0x0000000493c00000, 0x0000000494000000, 0x0000000494000000|100%| O|Cm|TAMS 0x0000000493c00000| PB 0x0000000493c00000| Complete |  0
| 422|0x0000000494000000, 0x0000000494400000, 0x0000000494400000|100%| O|Cm|TAMS 0x0000000494000000| PB 0x0000000494000000| Complete |  0
| 423|0x0000000494400000, 0x0000000494800000, 0x0000000494800000|100%| O|Cm|TAMS 0x0000000494400000| PB 0x0000000494400000| Complete |  0
| 424|0x0000000494800000, 0x0000000494800000, 0x0000000494c00000|  0%| F|  |TAMS 0x0000000494800000| PB 0x0000000494800000| Untracked |  0
| 425|0x0000000494c00000, 0x0000000494c00000, 0x0000000495000000|  0%| F|  |TAMS 0x0000000494c00000| PB 0x0000000494c00000| Untracked |  0
| 426|0x0000000495000000, 0x0000000495000000, 0x0000000495400000|  0%| F|  |TAMS 0x0000000495000000| PB 0x0000000495000000| Untracked |  0
| 427|0x0000000495400000, 0x0000000495800000, 0x0000000495800000|100%| O|Cm|TAMS 0x0000000495400000| PB 0x0000000495400000| Complete |  0
| 428|0x0000000495800000, 0x0000000495c00000, 0x0000000495c00000|100%| O|Cm|TAMS 0x0000000495800000| PB 0x0000000495800000| Complete |  0
| 429|0x0000000495c00000, 0x0000000495c00000, 0x0000000496000000|  0%| F|  |TAMS 0x0000000495c00000| PB 0x0000000495c00000| Untracked |  0
| 430|0x0000000496000000, 0x0000000496400000, 0x0000000496400000|100%| O|Cm|TAMS 0x0000000496000000| PB 0x0000000496000000| Complete |  0
| 431|0x0000000496400000, 0x0000000496800000, 0x0000000496800000|100%| O|Cm|TAMS 0x0000000496400000| PB 0x0000000496400000| Complete |  0
| 432|0x0000000496800000, 0x0000000496c00000, 0x0000000496c00000|100%| O|Cm|TAMS 0x0000000496800000| PB 0x0000000496800000| Complete |  0
| 433|0x0000000496c00000, 0x0000000497000000, 0x0000000497000000|100%| O|Cm|TAMS 0x0000000496c00000| PB 0x0000000496c00000| Complete |  0
| 434|0x0000000497000000, 0x0000000497400000, 0x0000000497400000|100%| O|Cm|TAMS 0x0000000497000000| PB 0x0000000497000000| Complete |  0
| 435|0x0000000497400000, 0x0000000497400000, 0x0000000497800000|  0%| F|  |TAMS 0x0000000497400000| PB 0x0000000497400000| Untracked |  0
| 436|0x0000000497800000, 0x0000000497800000, 0x0000000497c00000|  0%| F|  |TAMS 0x0000000497800000| PB 0x0000000497800000| Untracked |  0
| 437|0x0000000497c00000, 0x0000000498000000, 0x0000000498000000|100%| O|Cm|TAMS 0x0000000497c00000| PB 0x0000000497c00000| Complete |  0
| 438|0x0000000498000000, 0x0000000498400000, 0x0000000498400000|100%| O|Cm|TAMS 0x0000000498000000| PB 0x0000000498000000| Complete |  0
| 439|0x0000000498400000, 0x0000000498400000, 0x0000000498800000|  0%| F|  |TAMS 0x0000000498400000| PB 0x0000000498400000| Untracked |  0
| 440|0x0000000498800000, 0x0000000498c00000, 0x0000000498c00000|100%| O|Cm|TAMS 0x0000000498800000| PB 0x0000000498800000| Complete |  0
| 441|0x0000000498c00000, 0x0000000498c00000, 0x0000000499000000|  0%| F|  |TAMS 0x0000000498c00000| PB 0x0000000498c00000| Untracked |  0
| 442|0x0000000499000000, 0x0000000499000000, 0x0000000499400000|  0%| F|  |TAMS 0x0000000499000000| PB 0x0000000499000000| Untracked |  0
| 443|0x0000000499400000, 0x0000000499800000, 0x0000000499800000|100%| O|Cm|TAMS 0x0000000499400000| PB 0x0000000499400000| Complete |  0
| 444|0x0000000499800000, 0x0000000499c00000, 0x0000000499c00000|100%| O|Cm|TAMS 0x0000000499800000| PB 0x0000000499800000| Complete |  0
| 445|0x0000000499c00000, 0x000000049a000000, 0x000000049a000000|100%| O|Cm|TAMS 0x0000000499c00000| PB 0x0000000499c00000| Complete |  0
| 446|0x000000049a000000, 0x000000049a400000, 0x000000049a400000|100%| O|Cm|TAMS 0x000000049a000000| PB 0x000000049a000000| Complete |  0
| 447|0x000000049a400000, 0x000000049a800000, 0x000000049a800000|100%| O|Cm|TAMS 0x000000049a400000| PB 0x000000049a400000| Complete |  0
| 448|0x000000049a800000, 0x000000049ac00000, 0x000000049ac00000|100%| O|Cm|TAMS 0x000000049a800000| PB 0x000000049a800000| Complete |  0
| 449|0x000000049ac00000, 0x000000049b000000, 0x000000049b000000|100%| O|Cm|TAMS 0x000000049ac00000| PB 0x000000049ac00000| Complete |  0
| 450|0x000000049b000000, 0x000000049b000000, 0x000000049b400000|  0%| F|  |TAMS 0x000000049b000000| PB 0x000000049b000000| Untracked |  0
| 451|0x000000049b400000, 0x000000049b400000, 0x000000049b800000|  0%| F|  |TAMS 0x000000049b400000| PB 0x000000049b400000| Untracked |  0
| 452|0x000000049b800000, 0x000000049b800000, 0x000000049bc00000|  0%| F|  |TAMS 0x000000049b800000| PB 0x000000049b800000| Untracked |  0
| 453|0x000000049bc00000, 0x000000049bc00000, 0x000000049c000000|  0%| F|  |TAMS 0x000000049bc00000| PB 0x000000049bc00000| Untracked |  0
| 454|0x000000049c000000, 0x000000049c400000, 0x000000049c400000|100%| O|Cm|TAMS 0x000000049c000000| PB 0x000000049c000000| Complete |  0
| 455|0x000000049c400000, 0x000000049c400000, 0x000000049c800000|  0%| F|  |TAMS 0x000000049c400000| PB 0x000000049c400000| Untracked |  0
| 456|0x000000049c800000, 0x000000049cc00000, 0x000000049cc00000|100%| O|Cm|TAMS 0x000000049c800000| PB 0x000000049c800000| Complete |  0
| 457|0x000000049cc00000, 0x000000049d000000, 0x000000049d000000|100%| O|Cm|TAMS 0x000000049cc00000| PB 0x000000049cc00000| Complete |  0
| 458|0x000000049d000000, 0x000000049d000000, 0x000000049d400000|  0%| F|  |TAMS 0x000000049d000000| PB 0x000000049d000000| Untracked |  0
| 459|0x000000049d400000, 0x000000049d800000, 0x000000049d800000|100%| O|Cm|TAMS 0x000000049d400000| PB 0x000000049d400000| Complete |  0
| 460|0x000000049d800000, 0x000000049d800000, 0x000000049dc00000|  0%| F|  |TAMS 0x000000049d800000| PB 0x000000049d800000| Untracked |  0
| 461|0x000000049dc00000, 0x000000049dc00000, 0x000000049e000000|  0%| F|  |TAMS 0x000000049dc00000| PB 0x000000049dc00000| Untracked |  0
| 462|0x000000049e000000, 0x000000049e000000, 0x000000049e400000|  0%| F|  |TAMS 0x000000049e000000| PB 0x000000049e000000| Untracked |  0
| 463|0x000000049e400000, 0x000000049e800000, 0x000000049e800000|100%| O|Cm|TAMS 0x000000049e400000| PB 0x000000049e400000| Complete |  0
| 464|0x000000049e800000, 0x000000049ec00000, 0x000000049ec00000|100%| O|Cm|TAMS 0x000000049e800000| PB 0x000000049e800000| Complete |  0
| 465|0x000000049ec00000, 0x000000049f000000, 0x000000049f000000|100%| O|Cm|TAMS 0x000000049ec00000| PB 0x000000049ec00000| Complete |  0
| 466|0x000000049f000000, 0x000000049f400000, 0x000000049f400000|100%| O|Cm|TAMS 0x000000049f000000| PB 0x000000049f000000| Complete |  0
| 467|0x000000049f400000, 0x000000049f400000, 0x000000049f800000|  0%| F|  |TAMS 0x000000049f400000| PB 0x000000049f400000| Untracked |  0
| 468|0x000000049f800000, 0x000000049fc00000, 0x000000049fc00000|100%| O|Cm|TAMS 0x000000049f800000| PB 0x000000049f800000| Complete |  0
| 469|0x000000049fc00000, 0x00000004a0000000, 0x00000004a0000000|100%| O|Cm|TAMS 0x000000049fc00000| PB 0x000000049fc00000| Complete |  0
| 470|0x00000004a0000000, 0x00000004a0000000, 0x00000004a0400000|  0%| F|  |TAMS 0x00000004a0000000| PB 0x00000004a0000000| Untracked |  0
| 471|0x00000004a0400000, 0x00000004a0400000, 0x00000004a0800000|  0%| F|  |TAMS 0x00000004a0400000| PB 0x00000004a0400000| Untracked |  0
| 472|0x00000004a0800000, 0x00000004a0c00000, 0x00000004a0c00000|100%| O|Cm|TAMS 0x00000004a0800000| PB 0x00000004a0800000| Complete |  0
| 473|0x00000004a0c00000, 0x00000004a1000000, 0x00000004a1000000|100%| O|Cm|TAMS 0x00000004a0c00000| PB 0x00000004a0c00000| Complete |  0
| 474|0x00000004a1000000, 0x00000004a1000000, 0x00000004a1400000|  0%| F|  |TAMS 0x00000004a1000000| PB 0x00000004a1000000| Untracked |  0
| 475|0x00000004a1400000, 0x00000004a1800000, 0x00000004a1800000|100%| O|Cm|TAMS 0x00000004a1400000| PB 0x00000004a1400000| Complete |  0
| 476|0x00000004a1800000, 0x00000004a1c00000, 0x00000004a1c00000|100%| O|Cm|TAMS 0x00000004a1800000| PB 0x00000004a1800000| Complete |  0
| 477|0x00000004a1c00000, 0x00000004a1c00000, 0x00000004a2000000|  0%| F|  |TAMS 0x00000004a1c00000| PB 0x00000004a1c00000| Untracked |  0
| 478|0x00000004a2000000, 0x00000004a2400000, 0x00000004a2400000|100%| O|Cm|TAMS 0x00000004a2000000| PB 0x00000004a2000000| Complete |  0
| 479|0x00000004a2400000, 0x00000004a2400000, 0x00000004a2800000|  0%| F|  |TAMS 0x00000004a2400000| PB 0x00000004a2400000| Untracked |  0
| 480|0x00000004a2800000, 0x00000004a2800000, 0x00000004a2c00000|  0%| F|  |TAMS 0x00000004a2800000| PB 0x00000004a2800000| Untracked |  0
| 481|0x00000004a2c00000, 0x00000004a2c00000, 0x00000004a3000000|  0%| F|  |TAMS 0x00000004a2c00000| PB 0x00000004a2c00000| Untracked |  0
| 482|0x00000004a3000000, 0x00000004a3000000, 0x00000004a3400000|  0%| F|  |TAMS 0x00000004a3000000| PB 0x00000004a3000000| Untracked |  0
| 483|0x00000004a3400000, 0x00000004a3400000, 0x00000004a3800000|  0%| F|  |TAMS 0x00000004a3400000| PB 0x00000004a3400000| Untracked |  0
| 484|0x00000004a3800000, 0x00000004a3800000, 0x00000004a3c00000|  0%| F|  |TAMS 0x00000004a3800000| PB 0x00000004a3800000| Untracked |  0
| 485|0x00000004a3c00000, 0x00000004a4000000, 0x00000004a4000000|100%| O|Cm|TAMS 0x00000004a3c00000| PB 0x00000004a3c00000| Complete |  0
| 486|0x00000004a4000000, 0x00000004a4400000, 0x00000004a4400000|100%| O|Cm|TAMS 0x00000004a4000000| PB 0x00000004a4000000| Complete |  0
| 487|0x00000004a4400000, 0x00000004a4400000, 0x00000004a4800000|  0%| F|  |TAMS 0x00000004a4400000| PB 0x00000004a4400000| Untracked |  0
| 488|0x00000004a4800000, 0x00000004a4800000, 0x00000004a4c00000|  0%| F|  |TAMS 0x00000004a4800000| PB 0x00000004a4800000| Untracked |  0
| 489|0x00000004a4c00000, 0x00000004a5000000, 0x00000004a5000000|100%| O|Cm|TAMS 0x00000004a4c00000| PB 0x00000004a4c00000| Complete |  0
| 490|0x00000004a5000000, 0x00000004a5000000, 0x00000004a5400000|  0%| F|  |TAMS 0x00000004a5000000| PB 0x00000004a5000000| Untracked |  0
| 491|0x00000004a5400000, 0x00000004a5400000, 0x00000004a5800000|  0%| F|  |TAMS 0x00000004a5400000| PB 0x00000004a5400000| Untracked |  0
| 492|0x00000004a5800000, 0x00000004a5800000, 0x00000004a5c00000|  0%| F|  |TAMS 0x00000004a5800000| PB 0x00000004a5800000| Untracked |  0
| 493|0x00000004a5c00000, 0x00000004a6000000, 0x00000004a6000000|100%| O|Cm|TAMS 0x00000004a5c00000| PB 0x00000004a5c00000| Complete |  0
| 494|0x00000004a6000000, 0x00000004a6400000, 0x00000004a6400000|100%| O|Cm|TAMS 0x00000004a6000000| PB 0x00000004a6000000| Complete |  0
| 495|0x00000004a6400000, 0x00000004a6800000, 0x00000004a6800000|100%| O|Cm|TAMS 0x00000004a6400000| PB 0x00000004a6400000| Complete |  0
| 496|0x00000004a6800000, 0x00000004a6800000, 0x00000004a6c00000|  0%| F|  |TAMS 0x00000004a6800000| PB 0x00000004a6800000| Untracked |  0
| 497|0x00000004a6c00000, 0x00000004a6c00000, 0x00000004a7000000|  0%| F|  |TAMS 0x00000004a6c00000| PB 0x00000004a6c00000| Untracked |  0
| 498|0x00000004a7000000, 0x00000004a7400000, 0x00000004a7400000|100%| O|Cm|TAMS 0x00000004a7000000| PB 0x00000004a7000000| Complete |  0
| 499|0x00000004a7400000, 0x00000004a7800000, 0x00000004a7800000|100%| O|Cm|TAMS 0x00000004a7400000| PB 0x00000004a7400000| Complete |  0
| 500|0x00000004a7800000, 0x00000004a7c00000, 0x00000004a7c00000|100%| O|Cm|TAMS 0x00000004a7800000| PB 0x00000004a7800000| Complete |  0
| 501|0x00000004a7c00000, 0x00000004a7c00000, 0x00000004a8000000|  0%| F|  |TAMS 0x00000004a7c00000| PB 0x00000004a7c00000| Untracked |  0
| 502|0x00000004a8000000, 0x00000004a8000000, 0x00000004a8400000|  0%| F|  |TAMS 0x00000004a8000000| PB 0x00000004a8000000| Untracked |  0
| 503|0x00000004a8400000, 0x00000004a8400000, 0x00000004a8800000|  0%| F|  |TAMS 0x00000004a8400000| PB 0x00000004a8400000| Untracked |  0
| 504|0x00000004a8800000, 0x00000004a8c00000, 0x00000004a8c00000|100%| O|Cm|TAMS 0x00000004a8800000| PB 0x00000004a8800000| Complete |  0
| 505|0x00000004a8c00000, 0x00000004a8c00000, 0x00000004a9000000|  0%| F|  |TAMS 0x00000004a8c00000| PB 0x00000004a8c00000| Untracked |  0
| 506|0x00000004a9000000, 0x00000004a9000000, 0x00000004a9400000|  0%| F|  |TAMS 0x00000004a9000000| PB 0x00000004a9000000| Untracked |  0
| 507|0x00000004a9400000, 0x00000004a9400000, 0x00000004a9800000|  0%| F|  |TAMS 0x00000004a9400000| PB 0x00000004a9400000| Untracked |  0
| 508|0x00000004a9800000, 0x00000004a9800000, 0x00000004a9c00000|  0%| F|  |TAMS 0x00000004a9800000| PB 0x00000004a9800000| Untracked |  0
| 509|0x00000004a9c00000, 0x00000004a9c00000, 0x00000004aa000000|  0%| F|  |TAMS 0x00000004a9c00000| PB 0x00000004a9c00000| Untracked |  0
| 510|0x00000004aa000000, 0x00000004aa400000, 0x00000004aa400000|100%| O|Cm|TAMS 0x00000004aa000000| PB 0x00000004aa000000| Complete |  0
| 511|0x00000004aa400000, 0x00000004aa800000, 0x00000004aa800000|100%| O|Cm|TAMS 0x00000004aa400000| PB 0x00000004aa400000| Complete |  0
| 512|0x00000004aa800000, 0x00000004aac00000, 0x00000004aac00000|100%| O|Cm|TAMS 0x00000004aa800000| PB 0x00000004aa800000| Complete |  0
| 513|0x00000004aac00000, 0x00000004ab000000, 0x00000004ab000000|100%| O|Cm|TAMS 0x00000004aac00000| PB 0x00000004aac00000| Complete |  0
| 514|0x00000004ab000000, 0x00000004ab000000, 0x00000004ab400000|  0%| F|  |TAMS 0x00000004ab000000| PB 0x00000004ab000000| Untracked |  0
| 515|0x00000004ab400000, 0x00000004ab800000, 0x00000004ab800000|100%| O|Cm|TAMS 0x00000004ab400000| PB 0x00000004ab400000| Complete |  0
| 516|0x00000004ab800000, 0x00000004abc00000, 0x00000004abc00000|100%| O|Cm|TAMS 0x00000004ab800000| PB 0x00000004ab800000| Complete |  0
| 517|0x00000004abc00000, 0x00000004ac000000, 0x00000004ac000000|100%| O|Cm|TAMS 0x00000004abc00000| PB 0x00000004abc00000| Complete |  0
| 518|0x00000004ac000000, 0x00000004ac400000, 0x00000004ac400000|100%| O|Cm|TAMS 0x00000004ac000000| PB 0x00000004ac000000| Complete |  0
| 519|0x00000004ac400000, 0x00000004ac400000, 0x00000004ac800000|  0%| F|  |TAMS 0x00000004ac400000| PB 0x00000004ac400000| Untracked |  0
| 520|0x00000004ac800000, 0x00000004ac800000, 0x00000004acc00000|  0%| F|  |TAMS 0x00000004ac800000| PB 0x00000004ac800000| Untracked |  0
| 521|0x00000004acc00000, 0x00000004ad000000, 0x00000004ad000000|100%| O|Cm|TAMS 0x00000004acc00000| PB 0x00000004acc00000| Complete |  0
| 522|0x00000004ad000000, 0x00000004ad400000, 0x00000004ad400000|100%| O|Cm|TAMS 0x00000004ad000000| PB 0x00000004ad000000| Complete |  0
| 523|0x00000004ad400000, 0x00000004ad400000, 0x00000004ad800000|  0%| F|  |TAMS 0x00000004ad400000| PB 0x00000004ad400000| Untracked |  0
| 524|0x00000004ad800000, 0x00000004ad800000, 0x00000004adc00000|  0%| F|  |TAMS 0x00000004ad800000| PB 0x00000004ad800000| Untracked |  0
| 525|0x00000004adc00000, 0x00000004adc00000, 0x00000004ae000000|  0%| F|  |TAMS 0x00000004adc00000| PB 0x00000004adc00000| Untracked |  0
| 526|0x00000004ae000000, 0x00000004ae000000, 0x00000004ae400000|  0%| F|  |TAMS 0x00000004ae000000| PB 0x00000004ae000000| Untracked |  0
| 527|0x00000004ae400000, 0x00000004ae800000, 0x00000004ae800000|100%| O|Cm|TAMS 0x00000004ae400000| PB 0x00000004ae400000| Complete |  0
| 528|0x00000004ae800000, 0x00000004aec00000, 0x00000004aec00000|100%| O|Cm|TAMS 0x00000004ae800000| PB 0x00000004ae800000| Complete |  0
| 529|0x00000004aec00000, 0x00000004aec00000, 0x00000004af000000|  0%| F|  |TAMS 0x00000004aec00000| PB 0x00000004aec00000| Untracked |  0
| 530|0x00000004af000000, 0x00000004af000000, 0x00000004af400000|  0%| F|  |TAMS 0x00000004af000000| PB 0x00000004af000000| Untracked |  0
| 531|0x00000004af400000, 0x00000004af400000, 0x00000004af800000|  0%| F|  |TAMS 0x00000004af400000| PB 0x00000004af400000| Untracked |  0
| 532|0x00000004af800000, 0x00000004af800000, 0x00000004afc00000|  0%| F|  |TAMS 0x00000004af800000| PB 0x00000004af800000| Untracked |  0
| 533|0x00000004afc00000, 0x00000004afc00000, 0x00000004b0000000|  0%| F|  |TAMS 0x00000004afc00000| PB 0x00000004afc00000| Untracked |  0
| 534|0x00000004b0000000, 0x00000004b0000000, 0x00000004b0400000|  0%| F|  |TAMS 0x00000004b0000000| PB 0x00000004b0000000| Untracked |  0
| 535|0x00000004b0400000, 0x00000004b0400000, 0x00000004b0800000|  0%| F|  |TAMS 0x00000004b0400000| PB 0x00000004b0400000| Untracked |  0
| 536|0x00000004b0800000, 0x00000004b0800000, 0x00000004b0c00000|  0%| F|  |TAMS 0x00000004b0800000| PB 0x00000004b0800000| Untracked |  0
| 537|0x00000004b0c00000, 0x00000004b1000000, 0x00000004b1000000|100%| O|Cm|TAMS 0x00000004b0c00000| PB 0x00000004b0c00000| Complete |  0
| 538|0x00000004b1000000, 0x00000004b1400000, 0x00000004b1400000|100%| O|Cm|TAMS 0x00000004b1000000| PB 0x00000004b1000000| Complete |  0
| 539|0x00000004b1400000, 0x00000004b1400000, 0x00000004b1800000|  0%| F|  |TAMS 0x00000004b1400000| PB 0x00000004b1400000| Untracked |  0
| 540|0x00000004b1800000, 0x00000004b1800000, 0x00000004b1c00000|  0%| F|  |TAMS 0x00000004b1800000| PB 0x00000004b1800000| Untracked |  0
| 541|0x00000004b1c00000, 0x00000004b2000000, 0x00000004b2000000|100%| O|Cm|TAMS 0x00000004b1c00000| PB 0x00000004b1c00000| Complete |  0
| 542|0x00000004b2000000, 0x00000004b2000000, 0x00000004b2400000|  0%| F|  |TAMS 0x00000004b2000000| PB 0x00000004b2000000| Untracked |  0
| 543|0x00000004b2400000, 0x00000004b2800000, 0x00000004b2800000|100%| O|Cm|TAMS 0x00000004b2400000| PB 0x00000004b2400000| Complete |  0
| 544|0x00000004b2800000, 0x00000004b2c00000, 0x00000004b2c00000|100%| O|Cm|TAMS 0x00000004b2800000| PB 0x00000004b2800000| Complete |  0
| 545|0x00000004b2c00000, 0x00000004b2c00000, 0x00000004b3000000|  0%| F|  |TAMS 0x00000004b2c00000| PB 0x00000004b2c00000| Untracked |  0
| 546|0x00000004b3000000, 0x00000004b3400000, 0x00000004b3400000|100%| O|Cm|TAMS 0x00000004b3000000| PB 0x00000004b3000000| Complete |  0
| 547|0x00000004b3400000, 0x00000004b3400000, 0x00000004b3800000|  0%| F|  |TAMS 0x00000004b3400000| PB 0x00000004b3400000| Untracked |  0
| 548|0x00000004b3800000, 0x00000004b3c00000, 0x00000004b3c00000|100%| O|Cm|TAMS 0x00000004b3800000| PB 0x00000004b3800000| Complete |  0
| 549|0x00000004b3c00000, 0x00000004b4000000, 0x00000004b4000000|100%| O|Cm|TAMS 0x00000004b3c00000| PB 0x00000004b3c00000| Complete |  0
| 550|0x00000004b4000000, 0x00000004b4400000, 0x00000004b4400000|100%| O|Cm|TAMS 0x00000004b4000000| PB 0x00000004b4000000| Complete |  0
| 551|0x00000004b4400000, 0x00000004b4400000, 0x00000004b4800000|  0%| F|  |TAMS 0x00000004b4400000| PB 0x00000004b4400000| Untracked |  0
| 552|0x00000004b4800000, 0x00000004b4c00000, 0x00000004b4c00000|100%| O|Cm|TAMS 0x00000004b4800000| PB 0x00000004b4800000| Complete |  0
| 553|0x00000004b4c00000, 0x00000004b4c00000, 0x00000004b5000000|  0%| F|  |TAMS 0x00000004b4c00000| PB 0x00000004b4c00000| Untracked |  0
| 554|0x00000004b5000000, 0x00000004b5400000, 0x00000004b5400000|100%| O|Cm|TAMS 0x00000004b5000000| PB 0x00000004b5000000| Complete |  0
| 555|0x00000004b5400000, 0x00000004b5800000, 0x00000004b5800000|100%| O|Cm|TAMS 0x00000004b5400000| PB 0x00000004b5400000| Complete |  0
| 556|0x00000004b5800000, 0x00000004b5800000, 0x00000004b5c00000|  0%| F|  |TAMS 0x00000004b5800000| PB 0x00000004b5800000| Untracked |  0
| 557|0x00000004b5c00000, 0x00000004b5c00000, 0x00000004b6000000|  0%| F|  |TAMS 0x00000004b5c00000| PB 0x00000004b5c00000| Untracked |  0
| 558|0x00000004b6000000, 0x00000004b6400000, 0x00000004b6400000|100%| O|Cm|TAMS 0x00000004b6000000| PB 0x00000004b6000000| Complete |  0
| 559|0x00000004b6400000, 0x00000004b6800000, 0x00000004b6800000|100%| O|Cm|TAMS 0x00000004b6400000| PB 0x00000004b6400000| Complete |  0
| 560|0x00000004b6800000, 0x00000004b6800000, 0x00000004b6c00000|  0%| F|  |TAMS 0x00000004b6800000| PB 0x00000004b6800000| Untracked |  0
| 561|0x00000004b6c00000, 0x00000004b7000000, 0x00000004b7000000|100%| O|Cm|TAMS 0x00000004b6c00000| PB 0x00000004b6c00000| Complete |  0
| 562|0x00000004b7000000, 0x00000004b7400000, 0x00000004b7400000|100%| O|Cm|TAMS 0x00000004b7000000| PB 0x00000004b7000000| Complete |  0
| 563|0x00000004b7400000, 0x00000004b7800000, 0x00000004b7800000|100%| O|Cm|TAMS 0x00000004b7400000| PB 0x00000004b7400000| Complete |  0
| 564|0x00000004b7800000, 0x00000004b7c00000, 0x00000004b7c00000|100%| O|Cm|TAMS 0x00000004b7800000| PB 0x00000004b7800000| Complete |  0
| 565|0x00000004b7c00000, 0x00000004b7c00000, 0x00000004b8000000|  0%| F|  |TAMS 0x00000004b7c00000| PB 0x00000004b7c00000| Untracked |  0
| 566|0x00000004b8000000, 0x00000004b8000000, 0x00000004b8400000|  0%| F|  |TAMS 0x00000004b8000000| PB 0x00000004b8000000| Untracked |  0
| 567|0x00000004b8400000, 0x00000004b8400000, 0x00000004b8800000|  0%| F|  |TAMS 0x00000004b8400000| PB 0x00000004b8400000| Untracked |  0
| 568|0x00000004b8800000, 0x00000004b8800000, 0x00000004b8c00000|  0%| F|  |TAMS 0x00000004b8800000| PB 0x00000004b8800000| Untracked |  0
| 569|0x00000004b8c00000, 0x00000004b8c00000, 0x00000004b9000000|  0%| F|  |TAMS 0x00000004b8c00000| PB 0x00000004b8c00000| Untracked |  0
| 570|0x00000004b9000000, 0x00000004b9400000, 0x00000004b9400000|100%| O|Cm|TAMS 0x00000004b9000000| PB 0x00000004b9000000| Complete |  0
| 571|0x00000004b9400000, 0x00000004b9400000, 0x00000004b9800000|  0%| F|  |TAMS 0x00000004b9400000| PB 0x00000004b9400000| Untracked |  0
| 572|0x00000004b9800000, 0x00000004b9c00000, 0x00000004b9c00000|100%| O|Cm|TAMS 0x00000004b9800000| PB 0x00000004b9800000| Complete |  0
| 573|0x00000004b9c00000, 0x00000004b9c00000, 0x00000004ba000000|  0%| F|  |TAMS 0x00000004b9c00000| PB 0x00000004b9c00000| Untracked |  0
| 574|0x00000004ba000000, 0x00000004ba000000, 0x00000004ba400000|  0%| F|  |TAMS 0x00000004ba000000| PB 0x00000004ba000000| Untracked |  0
| 575|0x00000004ba400000, 0x00000004ba800000, 0x00000004ba800000|100%| O|Cm|TAMS 0x00000004ba400000| PB 0x00000004ba400000| Complete |  0
| 576|0x00000004ba800000, 0x00000004bac00000, 0x00000004bac00000|100%| O|Cm|TAMS 0x00000004ba800000| PB 0x00000004ba800000| Complete |  0
| 577|0x00000004bac00000, 0x00000004bac00000, 0x00000004bb000000|  0%| F|  |TAMS 0x00000004bac00000| PB 0x00000004bac00000| Untracked |  0
| 578|0x00000004bb000000, 0x00000004bb400000, 0x00000004bb400000|100%| O|Cm|TAMS 0x00000004bb000000| PB 0x00000004bb000000| Complete |  0
| 579|0x00000004bb400000, 0x00000004bb400000, 0x00000004bb800000|  0%| F|  |TAMS 0x00000004bb400000| PB 0x00000004bb400000| Untracked |  0
| 580|0x00000004bb800000, 0x00000004bb800000, 0x00000004bbc00000|  0%| F|  |TAMS 0x00000004bb800000| PB 0x00000004bb800000| Untracked |  0
| 581|0x00000004bbc00000, 0x00000004bbc00000, 0x00000004bc000000|  0%| F|  |TAMS 0x00000004bbc00000| PB 0x00000004bbc00000| Untracked |  0
| 582|0x00000004bc000000, 0x00000004bc400000, 0x00000004bc400000|100%| O|Cm|TAMS 0x00000004bc000000| PB 0x00000004bc000000| Complete |  0
| 583|0x00000004bc400000, 0x00000004bc400000, 0x00000004bc800000|  0%| F|  |TAMS 0x00000004bc400000| PB 0x00000004bc400000| Untracked |  0
| 584|0x00000004bc800000, 0x00000004bcc00000, 0x00000004bcc00000|100%| O|Cm|TAMS 0x00000004bc800000| PB 0x00000004bc800000| Complete |  0
| 585|0x00000004bcc00000, 0x00000004bcc00000, 0x00000004bd000000|  0%| F|  |TAMS 0x00000004bcc00000| PB 0x00000004bcc00000| Untracked |  0
| 586|0x00000004bd000000, 0x00000004bd000000, 0x00000004bd400000|  0%| F|  |TAMS 0x00000004bd000000| PB 0x00000004bd000000| Untracked |  0
| 587|0x00000004bd400000, 0x00000004bd800000, 0x00000004bd800000|100%| O|Cm|TAMS 0x00000004bd400000| PB 0x00000004bd400000| Complete |  0
| 588|0x00000004bd800000, 0x00000004bd800000, 0x00000004bdc00000|  0%| F|  |TAMS 0x00000004bd800000| PB 0x00000004bd800000| Untracked |  0
| 589|0x00000004bdc00000, 0x00000004bdc00000, 0x00000004be000000|  0%| F|  |TAMS 0x00000004bdc00000| PB 0x00000004bdc00000| Untracked |  0
| 590|0x00000004be000000, 0x00000004be400000, 0x00000004be400000|100%| O|Cm|TAMS 0x00000004be000000| PB 0x00000004be000000| Complete |  0
| 591|0x00000004be400000, 0x00000004be800000, 0x00000004be800000|100%| O|Cm|TAMS 0x00000004be400000| PB 0x00000004be400000| Complete |  0
| 592|0x00000004be800000, 0x00000004be800000, 0x00000004bec00000|  0%| F|  |TAMS 0x00000004be800000| PB 0x00000004be800000| Untracked |  0
| 593|0x00000004bec00000, 0x00000004bec00000, 0x00000004bf000000|  0%| F|  |TAMS 0x00000004bec00000| PB 0x00000004bec00000| Untracked |  0
| 594|0x00000004bf000000, 0x00000004bf000000, 0x00000004bf400000|  0%| F|  |TAMS 0x00000004bf000000| PB 0x00000004bf000000| Untracked |  0
| 595|0x00000004bf400000, 0x00000004bf800000, 0x00000004bf800000|100%| O|Cm|TAMS 0x00000004bf400000| PB 0x00000004bf400000| Complete |  0
| 596|0x00000004bf800000, 0x00000004bfc00000, 0x00000004bfc00000|100%| O|Cm|TAMS 0x00000004bf800000| PB 0x00000004bf800000| Complete |  0
| 597|0x00000004bfc00000, 0x00000004c0000000, 0x00000004c0000000|100%| O|Cm|TAMS 0x00000004bfc00000| PB 0x00000004bfc00000| Complete |  0
| 598|0x00000004c0000000, 0x00000004c0000000, 0x00000004c0400000|  0%| F|  |TAMS 0x00000004c0000000| PB 0x00000004c0000000| Untracked |  0
| 599|0x00000004c0400000, 0x00000004c0400000, 0x00000004c0800000|  0%| F|  |TAMS 0x00000004c0400000| PB 0x00000004c0400000| Untracked |  0
| 600|0x00000004c0800000, 0x00000004c0800000, 0x00000004c0c00000|  0%| F|  |TAMS 0x00000004c0800000| PB 0x00000004c0800000| Untracked |  0
| 601|0x00000004c0c00000, 0x00000004c0c00000, 0x00000004c1000000|  0%| F|  |TAMS 0x00000004c0c00000| PB 0x00000004c0c00000| Untracked |  0
| 602|0x00000004c1000000, 0x00000004c1000000, 0x00000004c1400000|  0%| F|  |TAMS 0x00000004c1000000| PB 0x00000004c1000000| Untracked |  0
| 603|0x00000004c1400000, 0x00000004c1400000, 0x00000004c1800000|  0%| F|  |TAMS 0x00000004c1400000| PB 0x00000004c1400000| Untracked |  0
| 604|0x00000004c1800000, 0x00000004c1c00000, 0x00000004c1c00000|100%| O|Cm|TAMS 0x00000004c1800000| PB 0x00000004c1800000| Complete |  0
| 605|0x00000004c1c00000, 0x00000004c2000000, 0x00000004c2000000|100%| O|Cm|TAMS 0x00000004c1c00000| PB 0x00000004c1c00000| Complete |  0
| 606|0x00000004c2000000, 0x00000004c2000000, 0x00000004c2400000|  0%| F|  |TAMS 0x00000004c2000000| PB 0x00000004c2000000| Untracked |  0
| 607|0x00000004c2400000, 0x00000004c2800000, 0x00000004c2800000|100%| O|Cm|TAMS 0x00000004c2400000| PB 0x00000004c2400000| Complete |  0
| 608|0x00000004c2800000, 0x00000004c2c00000, 0x00000004c2c00000|100%| O|Cm|TAMS 0x00000004c2800000| PB 0x00000004c2800000| Complete |  0
| 609|0x00000004c2c00000, 0x00000004c3000000, 0x00000004c3000000|100%| O|Cm|TAMS 0x00000004c2c00000| PB 0x00000004c2c00000| Complete |  0
| 610|0x00000004c3000000, 0x00000004c3400000, 0x00000004c3400000|100%| O|Cm|TAMS 0x00000004c3000000| PB 0x00000004c3000000| Complete |  0
| 611|0x00000004c3400000, 0x00000004c3800000, 0x00000004c3800000|100%| O|Cm|TAMS 0x00000004c3400000| PB 0x00000004c3400000| Complete |  0
| 612|0x00000004c3800000, 0x00000004c3800000, 0x00000004c3c00000|  0%| F|  |TAMS 0x00000004c3800000| PB 0x00000004c3800000| Untracked |  0
| 613|0x00000004c3c00000, 0x00000004c3c00000, 0x00000004c4000000|  0%| F|  |TAMS 0x00000004c3c00000| PB 0x00000004c3c00000| Untracked |  0
| 614|0x00000004c4000000, 0x00000004c4400000, 0x00000004c4400000|100%| O|Cm|TAMS 0x00000004c4000000| PB 0x00000004c4000000| Complete |  0
| 615|0x00000004c4400000, 0x00000004c4400000, 0x00000004c4800000|  0%| F|  |TAMS 0x00000004c4400000| PB 0x00000004c4400000| Untracked |  0
| 616|0x00000004c4800000, 0x00000004c4800000, 0x00000004c4c00000|  0%| F|  |TAMS 0x00000004c4800000| PB 0x00000004c4800000| Untracked |  0
| 617|0x00000004c4c00000, 0x00000004c5000000, 0x00000004c5000000|100%| O|Cm|TAMS 0x00000004c4c00000| PB 0x00000004c4c00000| Complete |  0
| 618|0x00000004c5000000, 0x00000004c5000000, 0x00000004c5400000|  0%| F|  |TAMS 0x00000004c5000000| PB 0x00000004c5000000| Untracked |  0
| 619|0x00000004c5400000, 0x00000004c5400000, 0x00000004c5800000|  0%| F|  |TAMS 0x00000004c5400000| PB 0x00000004c5400000| Untracked |  0
| 620|0x00000004c5800000, 0x00000004c5800000, 0x00000004c5c00000|  0%| F|  |TAMS 0x00000004c5800000| PB 0x00000004c5800000| Untracked |  0
| 621|0x00000004c5c00000, 0x00000004c6000000, 0x00000004c6000000|100%| O|Cm|TAMS 0x00000004c5c00000| PB 0x00000004c5c00000| Complete |  0
| 622|0x00000004c6000000, 0x00000004c6400000, 0x00000004c6400000|100%| O|  |TAMS 0x00000004c6000000| PB 0x00000004c6000000| Untracked |  0
| 623|0x00000004c6400000, 0x00000004c6800000, 0x00000004c6800000|100%| O|  |TAMS 0x00000004c6400000| PB 0x00000004c6400000| Untracked |  0
| 624|0x00000004c6800000, 0x00000004c6c00000, 0x00000004c6c00000|100%| O|  |TAMS 0x00000004c6800000| PB 0x00000004c6800000| Untracked |  0
| 625|0x00000004c6c00000, 0x00000004c7000000, 0x00000004c7000000|100%| O|  |TAMS 0x00000004c6c00000| PB 0x00000004c6c00000| Untracked |  0
| 626|0x00000004c7000000, 0x00000004c7400000, 0x00000004c7400000|100%| O|  |TAMS 0x00000004c7000000| PB 0x00000004c7000000| Untracked |  0
| 627|0x00000004c7400000, 0x00000004c7800000, 0x00000004c7800000|100%| O|  |TAMS 0x00000004c7400000| PB 0x00000004c7400000| Untracked |  0
| 628|0x00000004c7800000, 0x00000004c7c00000, 0x00000004c7c00000|100%| O|Cm|TAMS 0x00000004c7800000| PB 0x00000004c7800000| Complete |  0
| 629|0x00000004c7c00000, 0x00000004c8000000, 0x00000004c8000000|100%| O|  |TAMS 0x00000004c7c00000| PB 0x00000004c7c00000| Untracked |  0
| 630|0x00000004c8000000, 0x00000004c8400000, 0x00000004c8400000|100%| O|  |TAMS 0x00000004c8000000| PB 0x00000004c8000000| Untracked |  0
| 631|0x00000004c8400000, 0x00000004c8800000, 0x00000004c8800000|100%| O|  |TAMS 0x00000004c8400000| PB 0x00000004c8400000| Untracked |  0
| 632|0x00000004c8800000, 0x00000004c8c00000, 0x00000004c8c00000|100%| O|  |TAMS 0x00000004c8800000| PB 0x00000004c8800000| Untracked |  0
| 633|0x00000004c8c00000, 0x00000004c9000000, 0x00000004c9000000|100%| O|  |TAMS 0x00000004c8c00000| PB 0x00000004c8c00000| Untracked |  0
| 634|0x00000004c9000000, 0x00000004c9400000, 0x00000004c9400000|100%| O|  |TAMS 0x00000004c9000000| PB 0x00000004c9000000| Untracked |  0
| 635|0x00000004c9400000, 0x00000004c9800000, 0x00000004c9800000|100%| O|  |TAMS 0x00000004c9400000| PB 0x00000004c9400000| Untracked |  0
| 636|0x00000004c9800000, 0x00000004c9800000, 0x00000004c9c00000|  0%| F|  |TAMS 0x00000004c9800000| PB 0x00000004c9800000| Untracked |  0
| 637|0x00000004c9c00000, 0x00000004c9c00000, 0x00000004ca000000|  0%| F|  |TAMS 0x00000004c9c00000| PB 0x00000004c9c00000| Untracked |  0
| 638|0x00000004ca000000, 0x00000004ca000000, 0x00000004ca400000|  0%| F|  |TAMS 0x00000004ca000000| PB 0x00000004ca000000| Untracked |  0
| 639|0x00000004ca400000, 0x00000004ca400000, 0x00000004ca800000|  0%| F|  |TAMS 0x00000004ca400000| PB 0x00000004ca400000| Untracked |  0
| 640|0x00000004ca800000, 0x00000004ca800000, 0x00000004cac00000|  0%| F|  |TAMS 0x00000004ca800000| PB 0x00000004ca800000| Untracked |  0
| 641|0x00000004cac00000, 0x00000004cac00000, 0x00000004cb000000|  0%| F|  |TAMS 0x00000004cac00000| PB 0x00000004cac00000| Untracked |  0
| 642|0x00000004cb000000, 0x00000004cb000000, 0x00000004cb400000|  0%| F|  |TAMS 0x00000004cb000000| PB 0x00000004cb000000| Untracked |  0
| 643|0x00000004cb400000, 0x00000004cb400000, 0x00000004cb800000|  0%| F|  |TAMS 0x00000004cb400000| PB 0x00000004cb400000| Untracked |  0
| 644|0x00000004cb800000, 0x00000004cb800000, 0x00000004cbc00000|  0%| F|  |TAMS 0x00000004cb800000| PB 0x00000004cb800000| Untracked |  0
| 645|0x00000004cbc00000, 0x00000004cbc00000, 0x00000004cc000000|  0%| F|  |TAMS 0x00000004cbc00000| PB 0x00000004cbc00000| Untracked |  0
| 646|0x00000004cc000000, 0x00000004cc000000, 0x00000004cc400000|  0%| F|  |TAMS 0x00000004cc000000| PB 0x00000004cc000000| Untracked |  0
| 647|0x00000004cc400000, 0x00000004cc400000, 0x00000004cc800000|  0%| F|  |TAMS 0x00000004cc400000| PB 0x00000004cc400000| Untracked |  0
| 648|0x00000004cc800000, 0x00000004cc800000, 0x00000004ccc00000|  0%| F|  |TAMS 0x00000004cc800000| PB 0x00000004cc800000| Untracked |  0
| 649|0x00000004ccc00000, 0x00000004ccc00000, 0x00000004cd000000|  0%| F|  |TAMS 0x00000004ccc00000| PB 0x00000004ccc00000| Untracked |  0
| 650|0x00000004cd000000, 0x00000004cd000000, 0x00000004cd400000|  0%| F|  |TAMS 0x00000004cd000000| PB 0x00000004cd000000| Untracked |  0
| 651|0x00000004cd400000, 0x00000004cd400000, 0x00000004cd800000|  0%| F|  |TAMS 0x00000004cd400000| PB 0x00000004cd400000| Untracked |  0
| 652|0x00000004cd800000, 0x00000004cd800000, 0x00000004cdc00000|  0%| F|  |TAMS 0x00000004cd800000| PB 0x00000004cd800000| Untracked |  0
| 653|0x00000004cdc00000, 0x00000004cdc00000, 0x00000004ce000000|  0%| F|  |TAMS 0x00000004cdc00000| PB 0x00000004cdc00000| Untracked |  0
| 654|0x00000004ce000000, 0x00000004ce000000, 0x00000004ce400000|  0%| F|  |TAMS 0x00000004ce000000| PB 0x00000004ce000000| Untracked |  0
| 655|0x00000004ce400000, 0x00000004ce400000, 0x00000004ce800000|  0%| F|  |TAMS 0x00000004ce400000| PB 0x00000004ce400000| Untracked |  0
| 656|0x00000004ce800000, 0x00000004ce800000, 0x00000004cec00000|  0%| F|  |TAMS 0x00000004ce800000| PB 0x00000004ce800000| Untracked |  0
| 657|0x00000004cec00000, 0x00000004cec00000, 0x00000004cf000000|  0%| F|  |TAMS 0x00000004cec00000| PB 0x00000004cec00000| Untracked |  0
| 658|0x00000004cf000000, 0x00000004cf000000, 0x00000004cf400000|  0%| F|  |TAMS 0x00000004cf000000| PB 0x00000004cf000000| Untracked |  0
| 659|0x00000004cf400000, 0x00000004cf400000, 0x00000004cf800000|  0%| F|  |TAMS 0x00000004cf400000| PB 0x00000004cf400000| Untracked |  0
| 660|0x00000004cf800000, 0x00000004cf800000, 0x00000004cfc00000|  0%| F|  |TAMS 0x00000004cf800000| PB 0x00000004cf800000| Untracked |  0
| 661|0x00000004cfc00000, 0x00000004cfc00000, 0x00000004d0000000|  0%| F|  |TAMS 0x00000004cfc00000| PB 0x00000004cfc00000| Untracked |  0
| 662|0x00000004d0000000, 0x00000004d0000000, 0x00000004d0400000|  0%| F|  |TAMS 0x00000004d0000000| PB 0x00000004d0000000| Untracked |  0
| 663|0x00000004d0400000, 0x00000004d0400000, 0x00000004d0800000|  0%| F|  |TAMS 0x00000004d0400000| PB 0x00000004d0400000| Untracked |  0
| 664|0x00000004d0800000, 0x00000004d0800000, 0x00000004d0c00000|  0%| F|  |TAMS 0x00000004d0800000| PB 0x00000004d0800000| Untracked |  0
| 665|0x00000004d0c00000, 0x00000004d0c00000, 0x00000004d1000000|  0%| F|  |TAMS 0x00000004d0c00000| PB 0x00000004d0c00000| Untracked |  0
| 666|0x00000004d1000000, 0x00000004d1000000, 0x00000004d1400000|  0%| F|  |TAMS 0x00000004d1000000| PB 0x00000004d1000000| Untracked |  0
| 667|0x00000004d1400000, 0x00000004d1400000, 0x00000004d1800000|  0%| F|  |TAMS 0x00000004d1400000| PB 0x00000004d1400000| Untracked |  0
| 668|0x00000004d1800000, 0x00000004d1800000, 0x00000004d1c00000|  0%| F|  |TAMS 0x00000004d1800000| PB 0x00000004d1800000| Untracked |  0
| 669|0x00000004d1c00000, 0x00000004d1c00000, 0x00000004d2000000|  0%| F|  |TAMS 0x00000004d1c00000| PB 0x00000004d1c00000| Untracked |  0
| 670|0x00000004d2000000, 0x00000004d2000000, 0x00000004d2400000|  0%| F|  |TAMS 0x00000004d2000000| PB 0x00000004d2000000| Untracked |  0
| 671|0x00000004d2400000, 0x00000004d2400000, 0x00000004d2800000|  0%| F|  |TAMS 0x00000004d2400000| PB 0x00000004d2400000| Untracked |  0
| 672|0x00000004d2800000, 0x00000004d2800000, 0x00000004d2c00000|  0%| F|  |TAMS 0x00000004d2800000| PB 0x00000004d2800000| Untracked |  0
| 673|0x00000004d2c00000, 0x00000004d2c00000, 0x00000004d3000000|  0%| F|  |TAMS 0x00000004d2c00000| PB 0x00000004d2c00000| Untracked |  0
| 674|0x00000004d3000000, 0x00000004d3000000, 0x00000004d3400000|  0%| F|  |TAMS 0x00000004d3000000| PB 0x00000004d3000000| Untracked |  0
| 675|0x00000004d3400000, 0x00000004d3400000, 0x00000004d3800000|  0%| F|  |TAMS 0x00000004d3400000| PB 0x00000004d3400000| Untracked |  0
| 676|0x00000004d3800000, 0x00000004d3800000, 0x00000004d3c00000|  0%| F|  |TAMS 0x00000004d3800000| PB 0x00000004d3800000| Untracked |  0
| 677|0x00000004d3c00000, 0x00000004d3c00000, 0x00000004d4000000|  0%| F|  |TAMS 0x00000004d3c00000| PB 0x00000004d3c00000| Untracked |  0
| 678|0x00000004d4000000, 0x00000004d4000000, 0x00000004d4400000|  0%| F|  |TAMS 0x00000004d4000000| PB 0x00000004d4000000| Untracked |  0
| 679|0x00000004d4400000, 0x00000004d4400000, 0x00000004d4800000|  0%| F|  |TAMS 0x00000004d4400000| PB 0x00000004d4400000| Untracked |  0
| 680|0x00000004d4800000, 0x00000004d4800000, 0x00000004d4c00000|  0%| F|  |TAMS 0x00000004d4800000| PB 0x00000004d4800000| Untracked |  0
| 681|0x00000004d4c00000, 0x00000004d4c00000, 0x00000004d5000000|  0%| F|  |TAMS 0x00000004d4c00000| PB 0x00000004d4c00000| Untracked |  0
| 682|0x00000004d5000000, 0x00000004d5000000, 0x00000004d5400000|  0%| F|  |TAMS 0x00000004d5000000| PB 0x00000004d5000000| Untracked |  0
| 683|0x00000004d5400000, 0x00000004d5400000, 0x00000004d5800000|  0%| F|  |TAMS 0x00000004d5400000| PB 0x00000004d5400000| Untracked |  0
| 684|0x00000004d5800000, 0x00000004d5800000, 0x00000004d5c00000|  0%| F|  |TAMS 0x00000004d5800000| PB 0x00000004d5800000| Untracked |  0
| 685|0x00000004d5c00000, 0x00000004d5c00000, 0x00000004d6000000|  0%| F|  |TAMS 0x00000004d5c00000| PB 0x00000004d5c00000| Untracked |  0
| 686|0x00000004d6000000, 0x00000004d6000000, 0x00000004d6400000|  0%| F|  |TAMS 0x00000004d6000000| PB 0x00000004d6000000| Untracked |  0
| 687|0x00000004d6400000, 0x00000004d6400000, 0x00000004d6800000|  0%| F|  |TAMS 0x00000004d6400000| PB 0x00000004d6400000| Untracked |  0
| 688|0x00000004d6800000, 0x00000004d6800000, 0x00000004d6c00000|  0%| F|  |TAMS 0x00000004d6800000| PB 0x00000004d6800000| Untracked |  0
| 689|0x00000004d6c00000, 0x00000004d6c00000, 0x00000004d7000000|  0%| F|  |TAMS 0x00000004d6c00000| PB 0x00000004d6c00000| Untracked |  0
| 690|0x00000004d7000000, 0x00000004d7000000, 0x00000004d7400000|  0%| F|  |TAMS 0x00000004d7000000| PB 0x00000004d7000000| Untracked |  0
| 691|0x00000004d7400000, 0x00000004d7400000, 0x00000004d7800000|  0%| F|  |TAMS 0x00000004d7400000| PB 0x00000004d7400000| Untracked |  0
| 692|0x00000004d7800000, 0x00000004d7800000, 0x00000004d7c00000|  0%| F|  |TAMS 0x00000004d7800000| PB 0x00000004d7800000| Untracked |  0
| 693|0x00000004d7c00000, 0x00000004d7c00000, 0x00000004d8000000|  0%| F|  |TAMS 0x00000004d7c00000| PB 0x00000004d7c00000| Untracked |  0
| 694|0x00000004d8000000, 0x00000004d8000000, 0x00000004d8400000|  0%| F|  |TAMS 0x00000004d8000000| PB 0x00000004d8000000| Untracked |  0
| 695|0x00000004d8400000, 0x00000004d8400000, 0x00000004d8800000|  0%| F|  |TAMS 0x00000004d8400000| PB 0x00000004d8400000| Untracked |  0
| 696|0x00000004d8800000, 0x00000004d8800000, 0x00000004d8c00000|  0%| F|  |TAMS 0x00000004d8800000| PB 0x00000004d8800000| Untracked |  0
| 697|0x00000004d8c00000, 0x00000004d8c00000, 0x00000004d9000000|  0%| F|  |TAMS 0x00000004d8c00000| PB 0x00000004d8c00000| Untracked |  0
| 698|0x00000004d9000000, 0x00000004d9000000, 0x00000004d9400000|  0%| F|  |TAMS 0x00000004d9000000| PB 0x00000004d9000000| Untracked |  0
| 699|0x00000004d9400000, 0x00000004d9400000, 0x00000004d9800000|  0%| F|  |TAMS 0x00000004d9400000| PB 0x00000004d9400000| Untracked |  0
| 700|0x00000004d9800000, 0x00000004d9800000, 0x00000004d9c00000|  0%| F|  |TAMS 0x00000004d9800000| PB 0x00000004d9800000| Untracked |  0
| 701|0x00000004d9c00000, 0x00000004d9c00000, 0x00000004da000000|  0%| F|  |TAMS 0x00000004d9c00000| PB 0x00000004d9c00000| Untracked |  0
| 702|0x00000004da000000, 0x00000004da000000, 0x00000004da400000|  0%| F|  |TAMS 0x00000004da000000| PB 0x00000004da000000| Untracked |  0
| 703|0x00000004da400000, 0x00000004da400000, 0x00000004da800000|  0%| F|  |TAMS 0x00000004da400000| PB 0x00000004da400000| Untracked |  0
| 704|0x00000004da800000, 0x00000004da800000, 0x00000004dac00000|  0%| F|  |TAMS 0x00000004da800000| PB 0x00000004da800000| Untracked |  0
| 705|0x00000004dac00000, 0x00000004dac00000, 0x00000004db000000|  0%| F|  |TAMS 0x00000004dac00000| PB 0x00000004dac00000| Untracked |  0
| 706|0x00000004db000000, 0x00000004db000000, 0x00000004db400000|  0%| F|  |TAMS 0x00000004db000000| PB 0x00000004db000000| Untracked |  0
| 707|0x00000004db400000, 0x00000004db400000, 0x00000004db800000|  0%| F|  |TAMS 0x00000004db400000| PB 0x00000004db400000| Untracked |  0
| 708|0x00000004db800000, 0x00000004db800000, 0x00000004dbc00000|  0%| F|  |TAMS 0x00000004db800000| PB 0x00000004db800000| Untracked |  0
| 709|0x00000004dbc00000, 0x00000004dbc00000, 0x00000004dc000000|  0%| F|  |TAMS 0x00000004dbc00000| PB 0x00000004dbc00000| Untracked |  0
| 710|0x00000004dc000000, 0x00000004dc000000, 0x00000004dc400000|  0%| F|  |TAMS 0x00000004dc000000| PB 0x00000004dc000000| Untracked |  0
| 711|0x00000004dc400000, 0x00000004dc400000, 0x00000004dc800000|  0%| F|  |TAMS 0x00000004dc400000| PB 0x00000004dc400000| Untracked |  0
| 712|0x00000004dc800000, 0x00000004dc800000, 0x00000004dcc00000|  0%| F|  |TAMS 0x00000004dc800000| PB 0x00000004dc800000| Untracked |  0
| 713|0x00000004dcc00000, 0x00000004dcc00000, 0x00000004dd000000|  0%| F|  |TAMS 0x00000004dcc00000| PB 0x00000004dcc00000| Untracked |  0
| 714|0x00000004dd000000, 0x00000004dd000000, 0x00000004dd400000|  0%| F|  |TAMS 0x00000004dd000000| PB 0x00000004dd000000| Untracked |  0
| 715|0x00000004dd400000, 0x00000004dd400000, 0x00000004dd800000|  0%| F|  |TAMS 0x00000004dd400000| PB 0x00000004dd400000| Untracked |  0
| 716|0x00000004dd800000, 0x00000004dd800000, 0x00000004ddc00000|  0%| F|  |TAMS 0x00000004dd800000| PB 0x00000004dd800000| Untracked |  0
| 717|0x00000004ddc00000, 0x00000004ddc00000, 0x00000004de000000|  0%| F|  |TAMS 0x00000004ddc00000| PB 0x00000004ddc00000| Untracked |  0
| 718|0x00000004de000000, 0x00000004de000000, 0x00000004de400000|  0%| F|  |TAMS 0x00000004de000000| PB 0x00000004de000000| Untracked |  0
| 719|0x00000004de400000, 0x00000004de400000, 0x00000004de800000|  0%| F|  |TAMS 0x00000004de400000| PB 0x00000004de400000| Untracked |  0
| 720|0x00000004de800000, 0x00000004de800000, 0x00000004dec00000|  0%| F|  |TAMS 0x00000004de800000| PB 0x00000004de800000| Untracked |  0
| 721|0x00000004dec00000, 0x00000004dec00000, 0x00000004df000000|  0%| F|  |TAMS 0x00000004dec00000| PB 0x00000004dec00000| Untracked |  0
| 722|0x00000004df000000, 0x00000004df000000, 0x00000004df400000|  0%| F|  |TAMS 0x00000004df000000| PB 0x00000004df000000| Untracked |  0
| 723|0x00000004df400000, 0x00000004df400000, 0x00000004df800000|  0%| F|  |TAMS 0x00000004df400000| PB 0x00000004df400000| Untracked |  0
| 724|0x00000004df800000, 0x00000004df800000, 0x00000004dfc00000|  0%| F|  |TAMS 0x00000004df800000| PB 0x00000004df800000| Untracked |  0
| 725|0x00000004dfc00000, 0x00000004dfc00000, 0x00000004e0000000|  0%| F|  |TAMS 0x00000004dfc00000| PB 0x00000004dfc00000| Untracked |  0
| 726|0x00000004e0000000, 0x00000004e0000000, 0x00000004e0400000|  0%| F|  |TAMS 0x00000004e0000000| PB 0x00000004e0000000| Untracked |  0
| 727|0x00000004e0400000, 0x00000004e0400000, 0x00000004e0800000|  0%| F|  |TAMS 0x00000004e0400000| PB 0x00000004e0400000| Untracked |  0
| 728|0x00000004e0800000, 0x00000004e0800000, 0x00000004e0c00000|  0%| F|  |TAMS 0x00000004e0800000| PB 0x00000004e0800000| Untracked |  0
| 729|0x00000004e0c00000, 0x00000004e0c00000, 0x00000004e1000000|  0%| F|  |TAMS 0x00000004e0c00000| PB 0x00000004e0c00000| Untracked |  0
| 730|0x00000004e1000000, 0x00000004e1000000, 0x00000004e1400000|  0%| F|  |TAMS 0x00000004e1000000| PB 0x00000004e1000000| Untracked |  0
| 731|0x00000004e1400000, 0x00000004e1400000, 0x00000004e1800000|  0%| F|  |TAMS 0x00000004e1400000| PB 0x00000004e1400000| Untracked |  0
| 732|0x00000004e1800000, 0x00000004e1800000, 0x00000004e1c00000|  0%| F|  |TAMS 0x00000004e1800000| PB 0x00000004e1800000| Untracked |  0
| 733|0x00000004e1c00000, 0x00000004e1c00000, 0x00000004e2000000|  0%| F|  |TAMS 0x00000004e1c00000| PB 0x00000004e1c00000| Untracked |  0
| 734|0x00000004e2000000, 0x00000004e2000000, 0x00000004e2400000|  0%| F|  |TAMS 0x00000004e2000000| PB 0x00000004e2000000| Untracked |  0
| 735|0x00000004e2400000, 0x00000004e2400000, 0x00000004e2800000|  0%| F|  |TAMS 0x00000004e2400000| PB 0x00000004e2400000| Untracked |  0
| 736|0x00000004e2800000, 0x00000004e2800000, 0x00000004e2c00000|  0%| F|  |TAMS 0x00000004e2800000| PB 0x00000004e2800000| Untracked |  0
| 737|0x00000004e2c00000, 0x00000004e2c00000, 0x00000004e3000000|  0%| F|  |TAMS 0x00000004e2c00000| PB 0x00000004e2c00000| Untracked |  0
| 738|0x00000004e3000000, 0x00000004e3000000, 0x00000004e3400000|  0%| F|  |TAMS 0x00000004e3000000| PB 0x00000004e3000000| Untracked |  0
| 739|0x00000004e3400000, 0x00000004e3400000, 0x00000004e3800000|  0%| F|  |TAMS 0x00000004e3400000| PB 0x00000004e3400000| Untracked |  0
| 740|0x00000004e3800000, 0x00000004e3800000, 0x00000004e3c00000|  0%| F|  |TAMS 0x00000004e3800000| PB 0x00000004e3800000| Untracked |  0
| 741|0x00000004e3c00000, 0x00000004e3c00000, 0x00000004e4000000|  0%| F|  |TAMS 0x00000004e3c00000| PB 0x00000004e3c00000| Untracked |  0
| 742|0x00000004e4000000, 0x00000004e4000000, 0x00000004e4400000|  0%| F|  |TAMS 0x00000004e4000000| PB 0x00000004e4000000| Untracked |  0
| 743|0x00000004e4400000, 0x00000004e4400000, 0x00000004e4800000|  0%| F|  |TAMS 0x00000004e4400000| PB 0x00000004e4400000| Untracked |  0
| 744|0x00000004e4800000, 0x00000004e4800000, 0x00000004e4c00000|  0%| F|  |TAMS 0x00000004e4800000| PB 0x00000004e4800000| Untracked |  0
| 745|0x00000004e4c00000, 0x00000004e4c00000, 0x00000004e5000000|  0%| F|  |TAMS 0x00000004e4c00000| PB 0x00000004e4c00000| Untracked |  0
| 746|0x00000004e5000000, 0x00000004e5000000, 0x00000004e5400000|  0%| F|  |TAMS 0x00000004e5000000| PB 0x00000004e5000000| Untracked |  0
| 747|0x00000004e5400000, 0x00000004e5400000, 0x00000004e5800000|  0%| F|  |TAMS 0x00000004e5400000| PB 0x00000004e5400000| Untracked |  0
| 748|0x00000004e5800000, 0x00000004e5800000, 0x00000004e5c00000|  0%| F|  |TAMS 0x00000004e5800000| PB 0x00000004e5800000| Untracked |  0
| 749|0x00000004e5c00000, 0x00000004e5c00000, 0x00000004e6000000|  0%| F|  |TAMS 0x00000004e5c00000| PB 0x00000004e5c00000| Untracked |  0
| 750|0x00000004e6000000, 0x00000004e6000000, 0x00000004e6400000|  0%| F|  |TAMS 0x00000004e6000000| PB 0x00000004e6000000| Untracked |  0
| 751|0x00000004e6400000, 0x00000004e6400000, 0x00000004e6800000|  0%| F|  |TAMS 0x00000004e6400000| PB 0x00000004e6400000| Untracked |  0
| 752|0x00000004e6800000, 0x00000004e6800000, 0x00000004e6c00000|  0%| F|  |TAMS 0x00000004e6800000| PB 0x00000004e6800000| Untracked |  0
| 753|0x00000004e6c00000, 0x00000004e6c00000, 0x00000004e7000000|  0%| F|  |TAMS 0x00000004e6c00000| PB 0x00000004e6c00000| Untracked |  0
| 754|0x00000004e7000000, 0x00000004e7000000, 0x00000004e7400000|  0%| F|  |TAMS 0x00000004e7000000| PB 0x00000004e7000000| Untracked |  0
| 755|0x00000004e7400000, 0x00000004e7400000, 0x00000004e7800000|  0%| F|  |TAMS 0x00000004e7400000| PB 0x00000004e7400000| Untracked |  0
| 756|0x00000004e7800000, 0x00000004e7800000, 0x00000004e7c00000|  0%| F|  |TAMS 0x00000004e7800000| PB 0x00000004e7800000| Untracked |  0
| 757|0x00000004e7c00000, 0x00000004e7c00000, 0x00000004e8000000|  0%| F|  |TAMS 0x00000004e7c00000| PB 0x00000004e7c00000| Untracked |  0
| 758|0x00000004e8000000, 0x00000004e8000000, 0x00000004e8400000|  0%| F|  |TAMS 0x00000004e8000000| PB 0x00000004e8000000| Untracked |  0
| 759|0x00000004e8400000, 0x00000004e8400000, 0x00000004e8800000|  0%| F|  |TAMS 0x00000004e8400000| PB 0x00000004e8400000| Untracked |  0
| 760|0x00000004e8800000, 0x00000004e8800000, 0x00000004e8c00000|  0%| F|  |TAMS 0x00000004e8800000| PB 0x00000004e8800000| Untracked |  0
| 761|0x00000004e8c00000, 0x00000004e8c00000, 0x00000004e9000000|  0%| F|  |TAMS 0x00000004e8c00000| PB 0x00000004e8c00000| Untracked |  0
| 762|0x00000004e9000000, 0x00000004e9000000, 0x00000004e9400000|  0%| F|  |TAMS 0x00000004e9000000| PB 0x00000004e9000000| Untracked |  0
| 763|0x00000004e9400000, 0x00000004e9400000, 0x00000004e9800000|  0%| F|  |TAMS 0x00000004e9400000| PB 0x00000004e9400000| Untracked |  0
| 764|0x00000004e9800000, 0x00000004e9800000, 0x00000004e9c00000|  0%| F|  |TAMS 0x00000004e9800000| PB 0x00000004e9800000| Untracked |  0
| 765|0x00000004e9c00000, 0x00000004e9c00000, 0x00000004ea000000|  0%| F|  |TAMS 0x00000004e9c00000| PB 0x00000004e9c00000| Untracked |  0
| 766|0x00000004ea000000, 0x00000004ea000000, 0x00000004ea400000|  0%| F|  |TAMS 0x00000004ea000000| PB 0x00000004ea000000| Untracked |  0
| 767|0x00000004ea400000, 0x00000004ea400000, 0x00000004ea800000|  0%| F|  |TAMS 0x00000004ea400000| PB 0x00000004ea400000| Untracked |  0
| 768|0x00000004ea800000, 0x00000004ea800000, 0x00000004eac00000|  0%| F|  |TAMS 0x00000004ea800000| PB 0x00000004ea800000| Untracked |  0
| 769|0x00000004eac00000, 0x00000004eac00000, 0x00000004eb000000|  0%| F|  |TAMS 0x00000004eac00000| PB 0x00000004eac00000| Untracked |  0
| 770|0x00000004eb000000, 0x00000004eb000000, 0x00000004eb400000|  0%| F|  |TAMS 0x00000004eb000000| PB 0x00000004eb000000| Untracked |  0
| 771|0x00000004eb400000, 0x00000004eb400000, 0x00000004eb800000|  0%| F|  |TAMS 0x00000004eb400000| PB 0x00000004eb400000| Untracked |  0
| 772|0x00000004eb800000, 0x00000004eb800000, 0x00000004ebc00000|  0%| F|  |TAMS 0x00000004eb800000| PB 0x00000004eb800000| Untracked |  0
| 773|0x00000004ebc00000, 0x00000004ebc00000, 0x00000004ec000000|  0%| F|  |TAMS 0x00000004ebc00000| PB 0x00000004ebc00000| Untracked |  0
| 774|0x00000004ec000000, 0x00000004ec000000, 0x00000004ec400000|  0%| F|  |TAMS 0x00000004ec000000| PB 0x00000004ec000000| Untracked |  0
| 775|0x00000004ec400000, 0x00000004ec400000, 0x00000004ec800000|  0%| F|  |TAMS 0x00000004ec400000| PB 0x00000004ec400000| Untracked |  0
| 776|0x00000004ec800000, 0x00000004ec800000, 0x00000004ecc00000|  0%| F|  |TAMS 0x00000004ec800000| PB 0x00000004ec800000| Untracked |  0
| 777|0x00000004ecc00000, 0x00000004ecc00000, 0x00000004ed000000|  0%| F|  |TAMS 0x00000004ecc00000| PB 0x00000004ecc00000| Untracked |  0
| 778|0x00000004ed000000, 0x00000004ed000000, 0x00000004ed400000|  0%| F|  |TAMS 0x00000004ed000000| PB 0x00000004ed000000| Untracked |  0
| 779|0x00000004ed400000, 0x00000004ed400000, 0x00000004ed800000|  0%| F|  |TAMS 0x00000004ed400000| PB 0x00000004ed400000| Untracked |  0
| 780|0x00000004ed800000, 0x00000004ed800000, 0x00000004edc00000|  0%| F|  |TAMS 0x00000004ed800000| PB 0x00000004ed800000| Untracked |  0
| 781|0x00000004edc00000, 0x00000004edc00000, 0x00000004ee000000|  0%| F|  |TAMS 0x00000004edc00000| PB 0x00000004edc00000| Untracked |  0
| 782|0x00000004ee000000, 0x00000004ee000000, 0x00000004ee400000|  0%| F|  |TAMS 0x00000004ee000000| PB 0x00000004ee000000| Untracked |  0
| 783|0x00000004ee400000, 0x00000004ee400000, 0x00000004ee800000|  0%| F|  |TAMS 0x00000004ee400000| PB 0x00000004ee400000| Untracked |  0
| 784|0x00000004ee800000, 0x00000004ee800000, 0x00000004eec00000|  0%| F|  |TAMS 0x00000004ee800000| PB 0x00000004ee800000| Untracked |  0
| 785|0x00000004eec00000, 0x00000004eec00000, 0x00000004ef000000|  0%| F|  |TAMS 0x00000004eec00000| PB 0x00000004eec00000| Untracked |  0
| 786|0x00000004ef000000, 0x00000004ef000000, 0x00000004ef400000|  0%| F|  |TAMS 0x00000004ef000000| PB 0x00000004ef000000| Untracked |  0
| 787|0x00000004ef400000, 0x00000004ef400000, 0x00000004ef800000|  0%| F|  |TAMS 0x00000004ef400000| PB 0x00000004ef400000| Untracked |  0
| 788|0x00000004ef800000, 0x00000004efc00000, 0x00000004efc00000|100%| S|CS|TAMS 0x00000004ef800000| PB 0x00000004ef800000| Complete |  0
| 789|0x00000004efc00000, 0x00000004f0000000, 0x00000004f0000000|100%| S|CS|TAMS 0x00000004efc00000| PB 0x00000004efc00000| Complete |  0
| 790|0x00000004f0000000, 0x00000004f0400000, 0x00000004f0400000|100%| S|CS|TAMS 0x00000004f0000000| PB 0x00000004f0000000| Complete |  0
| 791|0x00000004f0400000, 0x00000004f0800000, 0x00000004f0800000|100%| S|CS|TAMS 0x00000004f0400000| PB 0x00000004f0400000| Complete |  0
| 792|0x00000004f0800000, 0x00000004f0c00000, 0x00000004f0c00000|100%| S|CS|TAMS 0x00000004f0800000| PB 0x00000004f0800000| Complete |  0
| 793|0x00000004f0c00000, 0x00000004f1000000, 0x00000004f1000000|100%| S|CS|TAMS 0x00000004f0c00000| PB 0x00000004f0c00000| Complete |  0
| 794|0x00000004f1000000, 0x00000004f1400000, 0x00000004f1400000|100%| S|CS|TAMS 0x00000004f1000000| PB 0x00000004f1000000| Complete |  0
| 795|0x00000004f1400000, 0x00000004f1400000, 0x00000004f1800000|  0%| F|  |TAMS 0x00000004f1400000| PB 0x00000004f1400000| Untracked |  0
| 796|0x00000004f1800000, 0x00000004f1800000, 0x00000004f1c00000|  0%| F|  |TAMS 0x00000004f1800000| PB 0x00000004f1800000| Untracked |  0
| 797|0x00000004f1c00000, 0x00000004f1c00000, 0x00000004f2000000|  0%| F|  |TAMS 0x00000004f1c00000| PB 0x00000004f1c00000| Untracked |  0
| 798|0x00000004f2000000, 0x00000004f2000000, 0x00000004f2400000|  0%| F|  |TAMS 0x00000004f2000000| PB 0x00000004f2000000| Untracked |  0
| 799|0x00000004f2400000, 0x00000004f2400000, 0x00000004f2800000|  0%| F|  |TAMS 0x00000004f2400000| PB 0x00000004f2400000| Untracked |  0
| 800|0x00000004f2800000, 0x00000004f2800000, 0x00000004f2c00000|  0%| F|  |TAMS 0x00000004f2800000| PB 0x00000004f2800000| Untracked |  0
| 801|0x00000004f2c00000, 0x00000004f2c00000, 0x00000004f3000000|  0%| F|  |TAMS 0x00000004f2c00000| PB 0x00000004f2c00000| Untracked |  0
| 802|0x00000004f3000000, 0x00000004f3000000, 0x00000004f3400000|  0%| F|  |TAMS 0x00000004f3000000| PB 0x00000004f3000000| Untracked |  0
| 803|0x00000004f3400000, 0x00000004f3400000, 0x00000004f3800000|  0%| F|  |TAMS 0x00000004f3400000| PB 0x00000004f3400000| Untracked |  0
| 804|0x00000004f3800000, 0x00000004f3800000, 0x00000004f3c00000|  0%| F|  |TAMS 0x00000004f3800000| PB 0x00000004f3800000| Untracked |  0
| 805|0x00000004f3c00000, 0x00000004f3c00000, 0x00000004f4000000|  0%| F|  |TAMS 0x00000004f3c00000| PB 0x00000004f3c00000| Untracked |  0
| 806|0x00000004f4000000, 0x00000004f4000000, 0x00000004f4400000|  0%| F|  |TAMS 0x00000004f4000000| PB 0x00000004f4000000| Untracked |  0
| 807|0x00000004f4400000, 0x00000004f4400000, 0x00000004f4800000|  0%| F|  |TAMS 0x00000004f4400000| PB 0x00000004f4400000| Untracked |  0
| 808|0x00000004f4800000, 0x00000004f4800000, 0x00000004f4c00000|  0%| F|  |TAMS 0x00000004f4800000| PB 0x00000004f4800000| Untracked |  0
| 809|0x00000004f4c00000, 0x00000004f4c00000, 0x00000004f5000000|  0%| F|  |TAMS 0x00000004f4c00000| PB 0x00000004f4c00000| Untracked |  0
| 810|0x00000004f5000000, 0x00000004f5000000, 0x00000004f5400000|  0%| F|  |TAMS 0x00000004f5000000| PB 0x00000004f5000000| Untracked |  0
| 811|0x00000004f5400000, 0x00000004f5400000, 0x00000004f5800000|  0%| F|  |TAMS 0x00000004f5400000| PB 0x00000004f5400000| Untracked |  0
| 812|0x00000004f5800000, 0x00000004f5800000, 0x00000004f5c00000|  0%| F|  |TAMS 0x00000004f5800000| PB 0x00000004f5800000| Untracked |  0
| 813|0x00000004f5c00000, 0x00000004f5c00000, 0x00000004f6000000|  0%| F|  |TAMS 0x00000004f5c00000| PB 0x00000004f5c00000| Untracked |  0
| 814|0x00000004f6000000, 0x00000004f6000000, 0x00000004f6400000|  0%| F|  |TAMS 0x00000004f6000000| PB 0x00000004f6000000| Untracked |  0
| 815|0x00000004f6400000, 0x00000004f6400000, 0x00000004f6800000|  0%| F|  |TAMS 0x00000004f6400000| PB 0x00000004f6400000| Untracked |  0
| 816|0x00000004f6800000, 0x00000004f6800000, 0x00000004f6c00000|  0%| F|  |TAMS 0x00000004f6800000| PB 0x00000004f6800000| Untracked |  0
| 817|0x00000004f6c00000, 0x00000004f6c00000, 0x00000004f7000000|  0%| F|  |TAMS 0x00000004f6c00000| PB 0x00000004f6c00000| Untracked |  0
| 818|0x00000004f7000000, 0x00000004f7000000, 0x00000004f7400000|  0%| F|  |TAMS 0x00000004f7000000| PB 0x00000004f7000000| Untracked |  0
| 819|0x00000004f7400000, 0x00000004f7400000, 0x00000004f7800000|  0%| F|  |TAMS 0x00000004f7400000| PB 0x00000004f7400000| Untracked |  0
| 820|0x00000004f7800000, 0x00000004f7800000, 0x00000004f7c00000|  0%| F|  |TAMS 0x00000004f7800000| PB 0x00000004f7800000| Untracked |  0
| 821|0x00000004f7c00000, 0x00000004f7c00000, 0x00000004f8000000|  0%| F|  |TAMS 0x00000004f7c00000| PB 0x00000004f7c00000| Untracked |  0
| 822|0x00000004f8000000, 0x00000004f8000000, 0x00000004f8400000|  0%| F|  |TAMS 0x00000004f8000000| PB 0x00000004f8000000| Untracked |  0
| 823|0x00000004f8400000, 0x00000004f8400000, 0x00000004f8800000|  0%| F|  |TAMS 0x00000004f8400000| PB 0x00000004f8400000| Untracked |  0
| 824|0x00000004f8800000, 0x00000004f8800000, 0x00000004f8c00000|  0%| F|  |TAMS 0x00000004f8800000| PB 0x00000004f8800000| Untracked |  0
| 825|0x00000004f8c00000, 0x00000004f8c00000, 0x00000004f9000000|  0%| F|  |TAMS 0x00000004f8c00000| PB 0x00000004f8c00000| Untracked |  0
| 826|0x00000004f9000000, 0x00000004f9000000, 0x00000004f9400000|  0%| F|  |TAMS 0x00000004f9000000| PB 0x00000004f9000000| Untracked |  0
| 827|0x00000004f9400000, 0x00000004f9400000, 0x00000004f9800000|  0%| F|  |TAMS 0x00000004f9400000| PB 0x00000004f9400000| Untracked |  0
| 828|0x00000004f9800000, 0x00000004f9800000, 0x00000004f9c00000|  0%| F|  |TAMS 0x00000004f9800000| PB 0x00000004f9800000| Untracked |  0
| 829|0x00000004f9c00000, 0x00000004f9c00000, 0x00000004fa000000|  0%| F|  |TAMS 0x00000004f9c00000| PB 0x00000004f9c00000| Untracked |  0
| 830|0x00000004fa000000, 0x00000004fa000000, 0x00000004fa400000|  0%| F|  |TAMS 0x00000004fa000000| PB 0x00000004fa000000| Untracked |  0
| 831|0x00000004fa400000, 0x00000004fa400000, 0x00000004fa800000|  0%| F|  |TAMS 0x00000004fa400000| PB 0x00000004fa400000| Untracked |  0
| 832|0x00000004fa800000, 0x00000004fa800000, 0x00000004fac00000|  0%| F|  |TAMS 0x00000004fa800000| PB 0x00000004fa800000| Untracked |  0
| 833|0x00000004fac00000, 0x00000004fac00000, 0x00000004fb000000|  0%| F|  |TAMS 0x00000004fac00000| PB 0x00000004fac00000| Untracked |  0
| 834|0x00000004fb000000, 0x00000004fb000000, 0x00000004fb400000|  0%| F|  |TAMS 0x00000004fb000000| PB 0x00000004fb000000| Untracked |  0
| 835|0x00000004fb400000, 0x00000004fb400000, 0x00000004fb800000|  0%| F|  |TAMS 0x00000004fb400000| PB 0x00000004fb400000| Untracked |  0
| 836|0x00000004fb800000, 0x00000004fb800000, 0x00000004fbc00000|  0%| F|  |TAMS 0x00000004fb800000| PB 0x00000004fb800000| Untracked |  0
| 837|0x00000004fbc00000, 0x00000004fbc00000, 0x00000004fc000000|  0%| F|  |TAMS 0x00000004fbc00000| PB 0x00000004fbc00000| Untracked |  0
| 838|0x00000004fc000000, 0x00000004fc000000, 0x00000004fc400000|  0%| F|  |TAMS 0x00000004fc000000| PB 0x00000004fc000000| Untracked |  0
| 839|0x00000004fc400000, 0x00000004fc400000, 0x00000004fc800000|  0%| F|  |TAMS 0x00000004fc400000| PB 0x00000004fc400000| Untracked |  0
| 840|0x00000004fc800000, 0x00000004fc800000, 0x00000004fcc00000|  0%| F|  |TAMS 0x00000004fc800000| PB 0x00000004fc800000| Untracked |  0
| 841|0x00000004fcc00000, 0x00000004fcc00000, 0x00000004fd000000|  0%| F|  |TAMS 0x00000004fcc00000| PB 0x00000004fcc00000| Untracked |  0
| 842|0x00000004fd000000, 0x00000004fd000000, 0x00000004fd400000|  0%| F|  |TAMS 0x00000004fd000000| PB 0x00000004fd000000| Untracked |  0
| 843|0x00000004fd400000, 0x00000004fd400000, 0x00000004fd800000|  0%| F|  |TAMS 0x00000004fd400000| PB 0x00000004fd400000| Untracked |  0
| 844|0x00000004fd800000, 0x00000004fd800000, 0x00000004fdc00000|  0%| F|  |TAMS 0x00000004fd800000| PB 0x00000004fd800000| Untracked |  0
| 845|0x00000004fdc00000, 0x00000004fdc00000, 0x00000004fe000000|  0%| F|  |TAMS 0x00000004fdc00000| PB 0x00000004fdc00000| Untracked |  0
|2046|0x000000062a000000, 0x000000062a000000, 0x000000062a400000|  0%| F|  |TAMS 0x000000062a000000| PB 0x000000062a000000| Untracked |  0
|2047|0x000000062a400000, 0x000000062a400000, 0x000000062a800000|  0%| F|  |TAMS 0x000000062a400000| PB 0x000000062a400000| Untracked |  0

Card table byte_map: [0x000001d7dc870000,0x000001d7dd870000] _byte_map_base: 0x000001d7da71c000

Marking Bits: (CMBitMap*) 0x000001d7b2b5bc80
 Bits: [0x000001d7dd870000, 0x000001d7e5870000)

Polling page: 0x000001d7b0b30000

Metaspace:

Usage:
  Non-class:    239.02 MB used.
      Class:     33.23 MB used.
       Both:    272.25 MB used.

Virtual space:
  Non-class space:      256.00 MB reserved,     243.69 MB ( 95%) committed,  4 nodes.
      Class space:        1.00 GB reserved,      37.00 MB (  4%) committed,  1 nodes.
             Both:        1.25 GB reserved,     280.69 MB ( 22%) committed. 

Chunk freelists:
   Non-Class:  14.86 MB
       Class:  12.82 MB
        Both:  27.68 MB

MaxMetaspaceSize: 4.00 GB
CompressedClassSpaceSize: 1.00 GB
Initial GC threshold: 21.00 MB
Current GC threshold: 467.94 MB
CDS: on
 - commit_granule_bytes: 65536.
 - commit_granule_words: 8192.
 - virtual_space_node_default_size: 8388608.
 - enlarge_chunks_in_place: 1.
 - use_allocation_guard: 0.


Internal statistics:

num_allocs_failed_limit: 6.
num_arena_births: 16714.
num_arena_deaths: 9648.
num_vsnodes_births: 5.
num_vsnodes_deaths: 0.
num_space_committed: 4506.
num_space_uncommitted: 16.
num_chunks_returned_to_freelist: 11911.
num_chunks_taken_from_freelist: 32957.
num_chunk_merges: 4300.
num_chunk_splits: 19955.
num_chunks_enlarged: 11425.
num_inconsistent_stats: 0.

CodeHeap 'non-profiled nmethods': size=259328Kb used=40562Kb max_used=48335Kb free=218765Kb
 bounds [0x000001d7cb4d0000, 0x000001d7ce410000, 0x000001d7db210000]
CodeHeap 'profiled nmethods': size=259264Kb used=84150Kb max_used=105909Kb free=175113Kb
 bounds [0x000001d7bb210000, 0x000001d7c19f0000, 0x000001d7caf40000]
CodeHeap 'non-nmethods': size=5696Kb used=2657Kb max_used=2737Kb free=3038Kb
 bounds [0x000001d7caf40000, 0x000001d7cb200000, 0x000001d7cb4d0000]
CodeCache: size=524288Kb, used=127369Kb, max_used=156981Kb, free=396916Kb
 total_blobs=45032, nmethods=43750, adapters=1184, full_count=0
Compilation: enabled, stopped_count=0, restarted_count=0

Compilation events (20 events):
Event: 9192.745 Thread 0x000001d7e838a5c0 nmethod 78889 0x000001d7bb549c08 code [0x000001d7bb549d60, 0x000001d7bb54a148]
Event: 9192.745 Thread 0x000001d7e838a5c0 78890       3       org.jetbrains.kotlin.gradle.tasks.KotlinCompile_Decorated::getToolingDiagnosticsContext (37 bytes)
Event: 9192.747 Thread 0x000001d7e838a5c0 nmethod 78890 0x000001d7bb580c08 code [0x000001d7bb580d60, 0x000001d7bb581148]
Event: 9192.762 Thread 0x000001d7e8386790 nmethod 78860 0x000001d7cbb23e88 code [0x000001d7cbb240a0, 0x000001d7cbb25248]
Event: 9192.819 Thread 0x000001d7e838a5c0 78892       3       java.lang.invoke.LambdaForm$MH/0x000001d7eb16a800::invoke (31 bytes)
Event: 9192.820 Thread 0x000001d7e838a5c0 nmethod 78892 0x000001d7bb3a7308 code [0x000001d7bb3a7440, 0x000001d7bb3a7768]
Event: 9192.886 Thread 0x000001d7e838a5c0 78893       3       java.lang.invoke.LambdaForm$MH/0x000001d7eb2f4c00::invoke (31 bytes)
Event: 9192.888 Thread 0x000001d7e838a5c0 nmethod 78893 0x000001d7bb3e0188 code [0x000001d7bb3e02c0, 0x000001d7bb3e05e8]
Event: 9192.889 Thread 0x000001d7e838a5c0 78894       3       java.lang.invoke.LambdaForm$MH/0x000001d7eb254000::invoke (31 bytes)
Event: 9192.889 Thread 0x000001d7e838a5c0 nmethod 78894 0x000001d7bb40da08 code [0x000001d7bb40db40, 0x000001d7bb40de68]
Event: 9192.967 Thread 0x000001d7e838a5c0 78895       3       java.lang.invoke.LambdaForm$MH/0x000001d7ea434000::invoke (32 bytes)
Event: 9192.968 Thread 0x000001d7e838a5c0 nmethod 78895 0x000001d7bb5a2f88 code [0x000001d7bb5a30e0, 0x000001d7bb5a34a8]
Event: 9193.046 Thread 0x000001d7e8386790 78896       4       com.android.build.gradle.internal.lint.SdkVersionInput_Decorated$$Lambda/0x000001d7eb8f8a28::run (8 bytes)
Event: 9193.047 Thread 0x000001d7e838a5c0 78898       3       java.lang.invoke.LambdaForm$MH/0x000001d7ea001000::invoke (31 bytes)
Event: 9193.048 Thread 0x000001d7e838a5c0 nmethod 78898 0x000001d7bb450688 code [0x000001d7bb4507c0, 0x000001d7bb450ae8]
Event: 9193.068 Thread 0x000001d7e8386790 nmethod 78896 0x000001d7cbf79888 code [0x000001d7cbf79a40, 0x000001d7cbf7a2d0]
Event: 9193.068 Thread 0x000001d7e8386790 78897       4       com.android.build.gradle.internal.lint.SdkVersionInput::initialize$gradle_core (36 bytes)
Event: 9193.111 Thread 0x000001d7e8386790 nmethod 78897 0x000001d7cc493308 code [0x000001d7cc493520, 0x000001d7cc4942f0]
Event: 9193.162 Thread 0x000001d7e838a5c0 78899       3       java.lang.invoke.LambdaForm$MH/0x000001d7ea434400::invoke (32 bytes)
Event: 9193.163 Thread 0x000001d7e838a5c0 nmethod 78899 0x000001d7bb5bf208 code [0x000001d7bb5bf360, 0x000001d7bb5bf728]

GC Heap History (20 events):
Event: 9112.765 GC heap after
{Heap after GC invocations=661 (full 0):
 garbage-first heap   total reserved 8388608K, committed 3473408K, used 2503671K [0x000000042a800000, 0x000000062a800000)
  region size 4096K, 4 young (16384K), 4 survivors (16384K)
 Metaspace       used 280112K, committed 287616K, reserved 1310720K
  class space    used 34352K, committed 38016K, reserved 1048576K
}
Event: 9136.690 GC heap before
{Heap before GC invocations=661 (full 0):
 garbage-first heap   total reserved 8388608K, committed 3473408K, used 2655223K [0x000000042a800000, 0x000000062a800000)
  region size 4096K, 42 young (172032K), 4 survivors (16384K)
 Metaspace       used 280114K, committed 287616K, reserved 1310720K
  class space    used 34352K, committed 38016K, reserved 1048576K
}
Event: 9136.745 GC heap after
{Heap after GC invocations=662 (full 0):
 garbage-first heap   total reserved 8388608K, committed 3473408K, used 2512545K [0x000000042a800000, 0x000000062a800000)
  region size 4096K, 6 young (24576K), 6 survivors (24576K)
 Metaspace       used 280114K, committed 287616K, reserved 1310720K
  class space    used 34352K, committed 38016K, reserved 1048576K
}
Event: 9137.748 GC heap before
{Heap before GC invocations=662 (full 0):
 garbage-first heap   total reserved 8388608K, committed 3473408K, used 2660001K [0x000000042a800000, 0x000000062a800000)
  region size 4096K, 42 young (172032K), 6 survivors (24576K)
 Metaspace       used 280123K, committed 287616K, reserved 1310720K
  class space    used 34354K, committed 38016K, reserved 1048576K
}
Event: 9137.806 GC heap after
{Heap after GC invocations=663 (full 0):
 garbage-first heap   total reserved 8388608K, committed 3473408K, used 2529479K [0x000000042a800000, 0x000000062a800000)
  region size 4096K, 4 young (16384K), 4 survivors (16384K)
 Metaspace       used 280123K, committed 287616K, reserved 1310720K
  class space    used 34354K, committed 38016K, reserved 1048576K
}
Event: 9139.081 GC heap before
{Heap before GC invocations=663 (full 0):
 garbage-first heap   total reserved 8388608K, committed 3473408K, used 2685127K [0x000000042a800000, 0x000000062a800000)
  region size 4096K, 42 young (172032K), 4 survivors (16384K)
 Metaspace       used 280135K, committed 287616K, reserved 1310720K
  class space    used 34357K, committed 38016K, reserved 1048576K
}
Event: 9139.117 GC heap after
{Heap after GC invocations=664 (full 0):
 garbage-first heap   total reserved 8388608K, committed 3473408K, used 2549804K [0x000000042a800000, 0x000000062a800000)
  region size 4096K, 5 young (20480K), 5 survivors (20480K)
 Metaspace       used 280135K, committed 287616K, reserved 1310720K
  class space    used 34357K, committed 38016K, reserved 1048576K
}
Event: 9141.657 GC heap before
{Heap before GC invocations=664 (full 0):
 garbage-first heap   total reserved 8388608K, committed 3473408K, used 2701356K [0x000000042a800000, 0x000000062a800000)
  region size 4096K, 42 young (172032K), 5 survivors (20480K)
 Metaspace       used 280162K, committed 287616K, reserved 1310720K
  class space    used 34362K, committed 38016K, reserved 1048576K
}
Event: 9141.690 GC heap after
{Heap after GC invocations=665 (full 0):
 garbage-first heap   total reserved 8388608K, committed 3473408K, used 2561752K [0x000000042a800000, 0x000000062a800000)
  region size 4096K, 4 young (16384K), 4 survivors (16384K)
 Metaspace       used 280162K, committed 287616K, reserved 1310720K
  class space    used 34362K, committed 38016K, reserved 1048576K
}
Event: 9142.441 GC heap before
{Heap before GC invocations=665 (full 0):
 garbage-first heap   total reserved 8388608K, committed 3473408K, used 2717400K [0x000000042a800000, 0x000000062a800000)
  region size 4096K, 42 young (172032K), 4 survivors (16384K)
 Metaspace       used 280168K, committed 287616K, reserved 1310720K
  class space    used 34364K, committed 38016K, reserved 1048576K
}
Event: 9142.465 GC heap after
{Heap after GC invocations=666 (full 0):
 garbage-first heap   total reserved 8388608K, committed 3473408K, used 2577206K [0x000000042a800000, 0x000000062a800000)
  region size 4096K, 6 young (24576K), 6 survivors (24576K)
 Metaspace       used 280168K, committed 287616K, reserved 1310720K
  class space    used 34364K, committed 38016K, reserved 1048576K
}
Event: 9143.024 GC heap before
{Heap before GC invocations=666 (full 0):
 garbage-first heap   total reserved 8388608K, committed 3473408K, used 2724662K [0x000000042a800000, 0x000000062a800000)
  region size 4096K, 42 young (172032K), 6 survivors (24576K)
 Metaspace       used 280181K, committed 287616K, reserved 1310720K
  class space    used 34367K, committed 38016K, reserved 1048576K
}
Event: 9143.074 GC heap after
{Heap after GC invocations=667 (full 0):
 garbage-first heap   total reserved 8388608K, committed 3473408K, used 2603933K [0x000000042a800000, 0x000000062a800000)
  region size 4096K, 6 young (24576K), 6 survivors (24576K)
 Metaspace       used 280181K, committed 287616K, reserved 1310720K
  class space    used 34367K, committed 38016K, reserved 1048576K
}
Event: 9145.086 GC heap before
{Heap before GC invocations=667 (full 0):
 garbage-first heap   total reserved 8388608K, committed 3473408K, used 2751389K [0x000000042a800000, 0x000000062a800000)
  region size 4096K, 42 young (172032K), 6 survivors (24576K)
 Metaspace       used 280183K, committed 287616K, reserved 1310720K
  class space    used 34368K, committed 38016K, reserved 1048576K
}
Event: 9145.117 GC heap after
{Heap after GC invocations=668 (full 0):
 garbage-first heap   total reserved 8388608K, committed 3473408K, used 2608778K [0x000000042a800000, 0x000000062a800000)
  region size 4096K, 2 young (8192K), 2 survivors (8192K)
 Metaspace       used 280183K, committed 287616K, reserved 1310720K
  class space    used 34368K, committed 38016K, reserved 1048576K
}
Event: 9153.678 GC heap before
{Heap before GC invocations=668 (full 0):
 garbage-first heap   total reserved 8388608K, committed 3473408K, used 2969226K [0x000000042a800000, 0x000000062a800000)
  region size 4096K, 90 young (368640K), 2 survivors (8192K)
 Metaspace       used 280191K, committed 287616K, reserved 1310720K
  class space    used 34370K, committed 38016K, reserved 1048576K
}
Event: 9153.937 GC heap after
{Heap after GC invocations=669 (full 0):
 garbage-first heap   total reserved 8388608K, committed 3473408K, used 2632328K [0x000000042a800000, 0x000000062a800000)
  region size 4096K, 8 young (32768K), 8 survivors (32768K)
 Metaspace       used 280191K, committed 287616K, reserved 1310720K
  class space    used 34370K, committed 38016K, reserved 1048576K
}
Event: 9190.337 GC heap before
{Heap before GC invocations=670 (full 0):
 garbage-first heap   total reserved 8388608K, committed 3473408K, used 1886856K [0x000000042a800000, 0x000000062a800000)
  region size 4096K, 42 young (172032K), 8 survivors (32768K)
 Metaspace       used 278752K, committed 287424K, reserved 1310720K
  class space    used 34018K, committed 37888K, reserved 1048576K
}
Event: 9190.439 GC heap after
{Heap after GC invocations=671 (full 0):
 garbage-first heap   total reserved 8388608K, committed 3473408K, used 1762304K [0x000000042a800000, 0x000000062a800000)
  region size 4096K, 4 young (16384K), 4 survivors (16384K)
 Metaspace       used 278752K, committed 287424K, reserved 1310720K
  class space    used 34018K, committed 37888K, reserved 1048576K
}
Event: 9199.479 GC heap before
{Heap before GC invocations=671 (full 0):
 garbage-first heap   total reserved 8388608K, committed 3473408K, used 1958912K [0x000000042a800000, 0x000000062a800000)
  region size 4096K, 53 young (217088K), 4 survivors (16384K)
 Metaspace       used 278783K, committed 287424K, reserved 1310720K
  class space    used 34025K, committed 37888K, reserved 1048576K
}

Dll operation events (16 events):
Event: 0.045 Loaded shared library C:\Program Files\Java\jdk-23\bin\java.dll
Event: 0.176 Loaded shared library C:\Program Files\Java\jdk-23\bin\jsvml.dll
Event: 0.312 Loaded shared library C:\Program Files\Java\jdk-23\bin\zip.dll
Event: 0.324 Loaded shared library C:\Program Files\Java\jdk-23\bin\instrument.dll
Event: 0.339 Loaded shared library C:\Program Files\Java\jdk-23\bin\net.dll
Event: 0.345 Loaded shared library C:\Program Files\Java\jdk-23\bin\nio.dll
Event: 0.353 Loaded shared library C:\Program Files\Java\jdk-23\bin\zip.dll
Event: 1.266 Loaded shared library C:\Program Files\Java\jdk-23\bin\jimage.dll
Event: 1.944 Loaded shared library C:\Program Files\Java\jdk-23\bin\verify.dll
Event: 2.041 Loaded shared library C:\Users\91892\.gradle\native\660c5614fbf4a5f2a75b1949f50a0caf5cd603558e7d8a26e50b933a0cfb79d1\windows-amd64\native-platform.dll
Event: 2.070 Loaded shared library C:\Users\91892\.gradle\native\0.2.8\x86_64-windows-gnu\gradle-fileevents.dll
Event: 5.518 Loaded shared library C:\Program Files\Java\jdk-23\bin\management.dll
Event: 5.558 Loaded shared library C:\Program Files\Java\jdk-23\bin\management_ext.dll
Event: 6.105 Loaded shared library C:\Program Files\Java\jdk-23\bin\extnet.dll
Event: 7.079 Loaded shared library C:\Program Files\Java\jdk-23\bin\sunmscapi.dll
Event: 48.101 Loaded shared library C:\Program Files\Java\jdk-23\bin\rmi.dll

Deoptimization events (20 events):
Event: 8543.100 Thread 0x000001d82f1bf470 Uncommon trap: trap_request=0xffffff45 fr.pc=0x000001d7cb6af99c relative=0x000000000000847c
Event: 8543.102 Thread 0x000001d82f1bf470 Uncommon trap: reason=unstable_if action=reinterpret pc=0x000001d7cb6af99c method=java.lang.ref.SoftReference.get()Ljava/lang/Object; @ 6 c2
Event: 8543.117 Thread 0x000001d82f1bf470 DEOPT PACKING pc=0x000001d7cb6af99c sp=0x00000007655f40c0
Event: 8543.120 Thread 0x000001d82f1bf470 DEOPT UNPACKING pc=0x000001d7caf94402 sp=0x00000007655f3c90 mode 2
Event: 8789.822 Thread 0x000001d82f1bf470 Uncommon trap: trap_request=0xffffffde fr.pc=0x000001d7cc43741c relative=0x0000000000000ebc
Event: 8789.822 Thread 0x000001d82f1bf470 Uncommon trap: reason=class_check action=maybe_recompile pc=0x000001d7cc43741c method=org.codehaus.groovy.runtime.MetaClassHelper.unwrap([Ljava/lang/Object;)V @ 11 c2
Event: 8789.822 Thread 0x000001d82f1bf470 DEOPT PACKING pc=0x000001d7cc43741c sp=0x00000007655f8850
Event: 8789.825 Thread 0x000001d82f1bf470 DEOPT UNPACKING pc=0x000001d7caf94402 sp=0x00000007655f87b8 mode 2
Event: 8791.199 Thread 0x000001d82f1bf470 Uncommon trap: trap_request=0xffffffde fr.pc=0x000001d7cc43741c relative=0x0000000000000ebc
Event: 8791.199 Thread 0x000001d82f1bf470 Uncommon trap: reason=class_check action=maybe_recompile pc=0x000001d7cc43741c method=org.codehaus.groovy.runtime.MetaClassHelper.unwrap([Ljava/lang/Object;)V @ 11 c2
Event: 8791.199 Thread 0x000001d82f1bf470 DEOPT PACKING pc=0x000001d7cc43741c sp=0x00000007655f8ff0
Event: 8791.201 Thread 0x000001d82f1bf470 DEOPT UNPACKING pc=0x000001d7caf94402 sp=0x00000007655f8f58 mode 2
Event: 8791.665 Thread 0x000001d82f1bf470 Uncommon trap: trap_request=0xffffffde fr.pc=0x000001d7cc43741c relative=0x0000000000000ebc
Event: 8791.665 Thread 0x000001d82f1bf470 Uncommon trap: reason=class_check action=maybe_recompile pc=0x000001d7cc43741c method=org.codehaus.groovy.runtime.MetaClassHelper.unwrap([Ljava/lang/Object;)V @ 11 c2
Event: 8791.665 Thread 0x000001d82f1bf470 DEOPT PACKING pc=0x000001d7cc43741c sp=0x00000007655fb230
Event: 8791.668 Thread 0x000001d82f1bf470 DEOPT UNPACKING pc=0x000001d7caf94402 sp=0x00000007655fb198 mode 2
Event: 8791.865 Thread 0x000001d82f1bf470 Uncommon trap: trap_request=0xffffffde fr.pc=0x000001d7cc43741c relative=0x0000000000000ebc
Event: 8791.865 Thread 0x000001d82f1bf470 Uncommon trap: reason=class_check action=maybe_recompile pc=0x000001d7cc43741c method=org.codehaus.groovy.runtime.MetaClassHelper.unwrap([Ljava/lang/Object;)V @ 11 c2
Event: 8791.865 Thread 0x000001d82f1bf470 DEOPT PACKING pc=0x000001d7cc43741c sp=0x00000007655fb230
Event: 8791.866 Thread 0x000001d82f1bf470 DEOPT UNPACKING pc=0x000001d7caf94402 sp=0x00000007655fb198 mode 2

Classes loaded (20 events):
Event: 5648.881 Loading class sun/security/ssl/PreSharedKeyExtension$SHPreSharedKeySpec
Event: 5648.881 Loading class sun/security/ssl/PreSharedKeyExtension$SHPreSharedKeySpec done
Event: 5651.935 Loading class java/util/zip/ZipFile$ZipEntryIterator
Event: 5651.935 Loading class java/util/zip/ZipFile$ZipEntryIterator done
Event: 5654.116 Loading class java/util/TreeMap$EntrySpliterator
Event: 5654.118 Loading class java/util/TreeMap$EntrySpliterator done
Event: 5655.275 Loading class java/util/Collections$UnmodifiableSortedMap
Event: 5655.277 Loading class java/util/Collections$UnmodifiableSortedMap done
Event: 5655.297 Loading class java/util/zip/Deflater
Event: 5655.299 Loading class java/util/zip/Deflater done
Event: 5655.302 Loading class java/util/zip/Deflater$DeflaterZStreamRef
Event: 5655.302 Loading class java/util/zip/Deflater$DeflaterZStreamRef done
Event: 5666.482 Loading class java/lang/reflect/InaccessibleObjectException
Event: 5666.482 Loading class java/lang/reflect/InaccessibleObjectException done
Event: 5797.837 Loading class sun/security/ssl/Alert
Event: 5797.950 Loading class sun/security/ssl/Alert done
Event: 5797.960 Loading class sun/security/ssl/Alert$AlertConsumer
Event: 5797.987 Loading class sun/security/ssl/Alert$AlertConsumer done
Event: 5797.987 Loading class sun/security/ssl/Alert$Level
Event: 5797.993 Loading class sun/security/ssl/Alert$Level done

Classes unloaded (20 events):
Event: 9169.424 Thread 0x000001d7e5ad94c0 Unloading class 0x000001d7eb1df000 'java/lang/invoke/LambdaForm$MH+0x000001d7eb1df000'
Event: 9169.718 Thread 0x000001d7e5ad94c0 Unloading class 0x000001d7eb1dec00 'java/lang/invoke/LambdaForm$MH+0x000001d7eb1dec00'
Event: 9169.718 Thread 0x000001d7e5ad94c0 Unloading class 0x000001d7eb1de800 'java/lang/invoke/LambdaForm$MH+0x000001d7eb1de800'
Event: 9170.007 Thread 0x000001d7e5ad94c0 Unloading class 0x000001d7eb1dd000 'java/lang/invoke/LambdaForm$MH+0x000001d7eb1dd000'
Event: 9170.007 Thread 0x000001d7e5ad94c0 Unloading class 0x000001d7eb1dcc00 'java/lang/invoke/LambdaForm$MH+0x000001d7eb1dcc00'
Event: 9170.007 Thread 0x000001d7e5ad94c0 Unloading class 0x000001d7eb1dc800 'java/lang/invoke/LambdaForm$MH+0x000001d7eb1dc800'
Event: 9170.282 Thread 0x000001d7e5ad94c0 Unloading class 0x000001d7eaed2c00 'java/lang/invoke/LambdaForm$MH+0x000001d7eaed2c00'
Event: 9170.282 Thread 0x000001d7e5ad94c0 Unloading class 0x000001d7eaed2400 'java/lang/invoke/LambdaForm$MH+0x000001d7eaed2400'
Event: 9170.543 Thread 0x000001d7e5ad94c0 Unloading class 0x000001d7eaed2000 'java/lang/invoke/LambdaForm$MH+0x000001d7eaed2000'
Event: 9170.543 Thread 0x000001d7e5ad94c0 Unloading class 0x000001d7eaed1c00 'java/lang/invoke/LambdaForm$MH+0x000001d7eaed1c00'
Event: 9170.818 Thread 0x000001d7e5ad94c0 Unloading class 0x000001d7eaed1800 'java/lang/invoke/LambdaForm$MH+0x000001d7eaed1800'
Event: 9171.211 Thread 0x000001d7e5ad94c0 Unloading class 0x000001d7eaed1000 'java/lang/invoke/LambdaForm$MH+0x000001d7eaed1000'
Event: 9171.211 Thread 0x000001d7e5ad94c0 Unloading class 0x000001d7eaed0c00 'java/lang/invoke/LambdaForm$MH+0x000001d7eaed0c00'
Event: 9171.211 Thread 0x000001d7e5ad94c0 Unloading class 0x000001d7eaed0800 'java/lang/invoke/LambdaForm$MH+0x000001d7eaed0800'
Event: 9171.211 Thread 0x000001d7e5ad94c0 Unloading class 0x000001d7ead6d400 'java/lang/invoke/LambdaForm$MH+0x000001d7ead6d400'
Event: 9171.211 Thread 0x000001d7e5ad94c0 Unloading class 0x000001d7ead6d000 'java/lang/invoke/LambdaForm$MH+0x000001d7ead6d000'
Event: 9171.480 Thread 0x000001d7e5ad94c0 Unloading class 0x000001d7ead6c800 'java/lang/invoke/LambdaForm$MH+0x000001d7ead6c800'
Event: 9171.480 Thread 0x000001d7e5ad94c0 Unloading class 0x000001d7ead6c000 'java/lang/invoke/LambdaForm$MH+0x000001d7ead6c000'
Event: 9171.480 Thread 0x000001d7e5ad94c0 Unloading class 0x000001d7eac90c00 'java/lang/invoke/LambdaForm$MH+0x000001d7eac90c00'
Event: 9171.800 Thread 0x000001d7e5ad94c0 Unloading class 0x000001d7ea9e4000 'java/lang/invoke/LambdaForm$MH+0x000001d7ea9e4000'

Classes redefined (0 events):
No events

Internal exceptions (20 events):
Event: 9148.966 Thread 0x000001d85ca16160 Exception <a 'sun/nio/fs/WindowsException'{0x00000004f56c8d00}> (0x00000004f56c8d00) 
thrown [s\open\src\hotspot\share\prims\jni.cpp, line 520]
Event: 9148.967 Thread 0x000001d85ca16160 Exception <a 'sun/nio/fs/WindowsException'{0x00000004f56ca8d0}> (0x00000004f56ca8d0) 
thrown [s\open\src\hotspot\share\prims\jni.cpp, line 520]
Event: 9148.967 Thread 0x000001d85ca16160 Exception <a 'sun/nio/fs/WindowsException'{0x00000004f56cc1d8}> (0x00000004f56cc1d8) 
thrown [s\open\src\hotspot\share\prims\jni.cpp, line 520]
Event: 9148.971 Thread 0x000001d85ca16160 Exception <a 'sun/nio/fs/WindowsException'{0x00000004f56e1680}> (0x00000004f56e1680) 
thrown [s\open\src\hotspot\share\prims\jni.cpp, line 520]
Event: 9148.971 Thread 0x000001d85ca16160 Exception <a 'sun/nio/fs/WindowsException'{0x00000004f56e32e8}> (0x00000004f56e32e8) 
thrown [s\open\src\hotspot\share\prims\jni.cpp, line 520]
Event: 9148.971 Thread 0x000001d85ca16160 Exception <a 'sun/nio/fs/WindowsException'{0x00000004f56e4c18}> (0x00000004f56e4c18) 
thrown [s\open\src\hotspot\share\prims\jni.cpp, line 520]
Event: 9192.012 Thread 0x000001d82f1bf470 Exception <a 'sun/nio/fs/WindowsException'{0x00000004fa558d48}> (0x00000004fa558d48) 
thrown [s\open\src\hotspot\share\prims\jni.cpp, line 520]
Event: 9196.543 Thread 0x000001d83c67a1c0 Exception <a 'sun/nio/fs/WindowsException'{0x00000004f4800dd0}> (0x00000004f4800dd0) 
thrown [s\open\src\hotspot\share\prims\jni.cpp, line 520]
Event: 9196.571 Thread 0x000001d82f1bf470 Exception <a 'sun/nio/fs/WindowsException'{0x00000004f4a630f0}> (0x00000004f4a630f0) 
thrown [s\open\src\hotspot\share\prims\jni.cpp, line 520]
Event: 9196.576 Thread 0x000001d843323470 Exception <a 'sun/nio/fs/WindowsException'{0x00000004fd86f040}> (0x00000004fd86f040) 
thrown [s\open\src\hotspot\share\prims\jni.cpp, line 520]
Event: 9196.587 Thread 0x000001d843323470 Exception <a 'sun/nio/fs/WindowsException'{0x00000004fd86f298}> (0x00000004fd86f298) 
thrown [s\open\src\hotspot\share\prims\jni.cpp, line 520]
Event: 9196.737 Thread 0x000001d83ed355d0 Exception <a 'sun/nio/fs/WindowsException'{0x00000004f3da9418}> (0x00000004f3da9418) 
thrown [s\open\src\hotspot\share\prims\jni.cpp, line 520]
Event: 9197.755 Thread 0x000001d82f1bf470 Exception <a 'sun/nio/fs/WindowsException'{0x00000004f2c93348}> (0x00000004f2c93348) 
thrown [s\open\src\hotspot\share\prims\jni.cpp, line 520]
Event: 9197.756 Thread 0x000001d82f1bf470 Exception <a 'sun/nio/fs/WindowsException'{0x00000004f2c94728}> (0x00000004f2c94728) 
thrown [s\open\src\hotspot\share\prims\jni.cpp, line 520]
Event: 9197.757 Thread 0x000001d82f1bf470 Exception <a 'sun/nio/fs/WindowsException'{0x00000004f2c95af8}> (0x00000004f2c95af8) 
thrown [s\open\src\hotspot\share\prims\jni.cpp, line 520]
Event: 9197.758 Thread 0x000001d82f1bf470 Exception <a 'sun/nio/fs/WindowsException'{0x00000004f2c96ea8}> (0x00000004f2c96ea8) 
thrown [s\open\src\hotspot\share\prims\jni.cpp, line 520]
Event: 9197.849 Thread 0x000001d82f1bf470 Exception <a 'sun/nio/fs/WindowsException'{0x00000004f2d65bc8}> (0x00000004f2d65bc8) 
thrown [s\open\src\hotspot\share\prims\jni.cpp, line 520]
Event: 9197.850 Thread 0x000001d82f1bf470 Exception <a 'sun/nio/fs/WindowsException'{0x00000004f2d677b8}> (0x00000004f2d677b8) 
thrown [s\open\src\hotspot\share\prims\jni.cpp, line 520]
Event: 9197.851 Thread 0x000001d82f1bf470 Exception <a 'sun/nio/fs/WindowsException'{0x00000004f2d69398}> (0x00000004f2d69398) 
thrown [s\open\src\hotspot\share\prims\jni.cpp, line 520]
Event: 9197.852 Thread 0x000001d82f1bf470 Exception <a 'sun/nio/fs/WindowsException'{0x00000004f2d6af58}> (0x00000004f2d6af58) 
thrown [s\open\src\hotspot\share\prims\jni.cpp, line 520]

VM Operations (20 events):
Event: 9141.690 Executing VM operation: G1CollectForAllocation (G1 Evacuation Pause) done
Event: 9142.441 Executing VM operation: G1CollectForAllocation (G1 Evacuation Pause)
Event: 9142.465 Executing VM operation: G1CollectForAllocation (G1 Evacuation Pause) done
Event: 9143.024 Executing VM operation: G1CollectForAllocation (G1 Evacuation Pause)
Event: 9143.074 Executing VM operation: G1CollectForAllocation (G1 Evacuation Pause) done
Event: 9145.086 Executing VM operation: G1CollectForAllocation (G1 Evacuation Pause)
Event: 9145.117 Executing VM operation: G1CollectForAllocation (G1 Evacuation Pause) done
Event: 9145.345 Executing VM operation: HandshakeAllThreads (HandshakeForDeflation)
Event: 9145.345 Executing VM operation: HandshakeAllThreads (HandshakeForDeflation) done
Event: 9145.345 Executing VM operation: RendezvousGCThreads
Event: 9145.345 Executing VM operation: RendezvousGCThreads done
Event: 9153.675 Executing VM operation: G1CollectForAllocation (G1 Evacuation Pause)
Event: 9153.938 Executing VM operation: G1CollectForAllocation (G1 Evacuation Pause) done
Event: 9163.594 Executing VM operation: G1PauseRemark
Event: 9188.542 Executing VM operation: G1PauseRemark done
Event: 9189.693 Executing VM operation: G1PauseCleanup
Event: 9189.701 Executing VM operation: G1PauseCleanup done
Event: 9190.332 Executing VM operation: G1CollectForAllocation (G1 Evacuation Pause)
Event: 9190.439 Executing VM operation: G1CollectForAllocation (G1 Evacuation Pause) done
Event: 9199.479 Executing VM operation: G1CollectForAllocation (G1 Evacuation Pause)

Memory protections (0 events):
No events

Nmethod flushes (20 events):
Event: 9188.385 Thread 0x000001d7e5ad94c0 flushing  nmethod 0x000001d7be362008
Event: 9188.385 Thread 0x000001d7e5ad94c0 flushing  nmethod 0x000001d7be367008
Event: 9188.386 Thread 0x000001d7e5ad94c0 flushing  nmethod 0x000001d7be368208
Event: 9188.387 Thread 0x000001d7e5ad94c0 flushing  nmethod 0x000001d7be369488
Event: 9188.387 Thread 0x000001d7e5ad94c0 flushing  nmethod 0x000001d7be36a708
Event: 9188.387 Thread 0x000001d7e5ad94c0 flushing  nmethod 0x000001d7be36b988
Event: 9188.387 Thread 0x000001d7e5ad94c0 flushing  nmethod 0x000001d7be461108
Event: 9188.389 Thread 0x000001d7e5ad94c0 flushing  nmethod 0x000001d7be5a6608
Event: 9188.389 Thread 0x000001d7e5ad94c0 flushing  nmethod 0x000001d7be850a08
Event: 9188.389 Thread 0x000001d7e5ad94c0 flushing  nmethod 0x000001d7be9c0c08
Event: 9188.389 Thread 0x000001d7e5ad94c0 flushing  nmethod 0x000001d7c0329d08
Event: 9188.390 Thread 0x000001d7e5ad94c0 flushing  nmethod 0x000001d7c0343f88
Event: 9188.390 Thread 0x000001d7e5ad94c0 flushing  nmethod 0x000001d7c0346108
Event: 9188.391 Thread 0x000001d7e5ad94c0 flushing  nmethod 0x000001d7c07e8788
Event: 9188.393 Thread 0x000001d7e5ad94c0 flushing  nmethod 0x000001d7c07ef888
Event: 9188.394 Thread 0x000001d7e5ad94c0 flushing  nmethod 0x000001d7c1856f08
Event: 9188.394 Thread 0x000001d7e5ad94c0 flushing  nmethod 0x000001d7c185c208
Event: 9188.395 Thread 0x000001d7e5ad94c0 flushing  nmethod 0x000001d7c18b9988
Event: 9188.396 Thread 0x000001d7e5ad94c0 flushing  nmethod 0x000001d7c18c0108
Event: 9188.396 Thread 0x000001d7e5ad94c0 flushing  nmethod 0x000001d7c18c4888

Events (20 events):
Event: 9197.703 Thread 0x000001d82f1bf470 Thread added: 0x000001d83c67c920
Event: 9197.729 Thread 0x000001d82f1bf470 Thread added: 0x000001d83c6817e0
Event: 9197.738 Thread 0x000001d82f1bf470 Thread added: 0x000001d83c67f710
Event: 9197.794 Thread 0x000001d82f1bf470 Thread added: 0x000001d83c680430
Event: 9198.735 Thread 0x000001d82f1bf470 Thread added: 0x000001d83c646050
Event: 9198.736 Thread 0x000001d82f1bf470 Thread added: 0x000001d83c646d70
Event: 9198.737 Thread 0x000001d82f1bf470 Thread added: 0x000001d83c64c2c0
Event: 9198.737 Thread 0x000001d82f1bf470 Thread added: 0x000001d83c64c950
Event: 9198.737 Thread 0x000001d82f1bf470 Thread added: 0x000001d83c652530
Event: 9198.738 Thread 0x000001d82f1bf470 Thread added: 0x000001d83c652bc0
Event: 9198.738 Thread 0x000001d82f1bf470 Thread added: 0x000001d83c653f70
Event: 9198.752 Thread 0x000001d82f1bf470 Thread added: 0x000001d83c651810
Event: 9198.753 Thread 0x000001d82f1bf470 Thread added: 0x000001d83c65a870
Event: 9198.755 Thread 0x000001d82f1bf470 Thread added: 0x000001d83c6587a0
Event: 9198.756 Thread 0x000001d82f1bf470 Thread added: 0x000001d83c65b590
Event: 9198.756 Thread 0x000001d82f1bf470 Thread added: 0x000001d83c660ae0
Event: 9198.757 Thread 0x000001d82f1bf470 Thread added: 0x000001d83c66c930
Event: 9198.758 Thread 0x000001d82f1bf470 Thread added: 0x000001d83c66e370
Event: 9199.206 Thread 0x000001d843317620 Thread exited: 0x000001d843317620
Event: 9199.209 Thread 0x000001d82f1bf470 Thread added: 0x000001d83c66b580


Dynamic libraries:
0x00007ff70f5e0000 - 0x00007ff70f5f0000 	C:\Program Files\Java\jdk-23\bin\java.exe
0x00007ffabbc60000 - 0x00007ffabbec7000 	C:\WINDOWS\SYSTEM32\ntdll.dll
0x00007ffab9980000 - 0x00007ffab9a4b000 	C:\WINDOWS\System32\KERNEL32.DLL
0x00007ffab93e0000 - 0x00007ffab97e2000 	C:\WINDOWS\System32\KERNELBASE.dll
0x00007ffab4a70000 - 0x00007ffab4b0f000 	C:\WINDOWS\SYSTEM32\apphelp.dll
0x00007ffab9110000 - 0x00007ffab925c000 	C:\WINDOWS\System32\ucrtbase.dll
0x00007ffa6f4b0000 - 0x00007ffa6f4c7000 	C:\Program Files\Java\jdk-23\bin\jli.dll
0x00007ffab9c00000 - 0x00007ffab9dcf000 	C:\WINDOWS\System32\USER32.dll
0x00007ffab9300000 - 0x00007ffab9327000 	C:\WINDOWS\System32\win32u.dll
0x00007ffabb430000 - 0x00007ffabb45b000 	C:\WINDOWS\System32\GDI32.dll
0x00007ffab8f20000 - 0x00007ffab9049000 	C:\WINDOWS\System32\gdi32full.dll
0x00007ffab9330000 - 0x00007ffab93d3000 	C:\WINDOWS\System32\msvcp_win.dll
0x00007ffa93c10000 - 0x00007ffa93ea0000 	C:\WINDOWS\WinSxS\amd64_microsoft.windows.common-controls_6595b64144ccf1df_6.0.26100.9278_none_3e0d1ba8e3303201\COMCTL32.dll
0x00007ffaba1a0000 - 0x00007ffaba249000 	C:\WINDOWS\System32\msvcrt.dll
0x00007ffa6f490000 - 0x00007ffa6f4ab000 	C:\Program Files\Java\jdk-23\bin\VCRUNTIME140.dll
0x00007ffabbae0000 - 0x00007ffabbb11000 	C:\WINDOWS\System32\IMM32.DLL
0x00007ffa84c40000 - 0x00007ffa84c4c000 	C:\Program Files\Java\jdk-23\bin\vcruntime140_1.dll
0x00007ffa02ba0000 - 0x00007ffa02c2e000 	C:\Program Files\Java\jdk-23\bin\msvcp140.dll
0x00007ff9ee5c0000 - 0x00007ff9ef30f000 	C:\Program Files\Java\jdk-23\bin\server\jvm.dll
0x00007ffabb9a0000 - 0x00007ffabba5c000 	C:\WINDOWS\System32\ADVAPI32.dll
0x00007ffab9a50000 - 0x00007ffab9af9000 	C:\WINDOWS\System32\sechost.dll
0x00007ffabb180000 - 0x00007ffabb298000 	C:\WINDOWS\System32\RPCRT4.dll
0x00007ffabb380000 - 0x00007ffabb400000 	C:\WINDOWS\System32\WS2_32.dll
0x00007ffab8ce0000 - 0x00007ffab8d3e000 	C:\WINDOWS\SYSTEM32\POWRPROF.dll
0x00007ffab0490000 - 0x00007ffab04c6000 	C:\WINDOWS\SYSTEM32\WINMM.dll
0x00007ffaa40e0000 - 0x00007ffaa40eb000 	C:\WINDOWS\SYSTEM32\VERSION.dll
0x00007ffab8ca0000 - 0x00007ffab8cb5000 	C:\WINDOWS\SYSTEM32\UMPDC.dll
0x00007ffab7b30000 - 0x00007ffab7b4b000 	C:\WINDOWS\SYSTEM32\kernel.appcore.dll
0x00007ffa987a0000 - 0x00007ffa987aa000 	C:\Program Files\Java\jdk-23\bin\jimage.dll
0x00007ffab60a0000 - 0x00007ffab62ec000 	C:\WINDOWS\SYSTEM32\DBGHELP.DLL
0x00007ffabadc0000 - 0x00007ffabb145000 	C:\WINDOWS\System32\combase.dll
0x00007ffabb2a0000 - 0x00007ffabb379000 	C:\WINDOWS\System32\OLEAUT32.dll
0x00007ffa924e0000 - 0x00007ffa9251b000 	C:\WINDOWS\SYSTEM32\dbgcore.DLL
0x00007ffab9050000 - 0x00007ffab90fc000 	C:\WINDOWS\System32\bcryptPrimitives.dll
0x00007ffa98790000 - 0x00007ffa9879f000 	C:\Program Files\Java\jdk-23\bin\instrument.dll
0x00007ffa6de90000 - 0x00007ffa6deae000 	C:\Program Files\Java\jdk-23\bin\java.dll
0x00007ffab9de0000 - 0x00007ffab9f7a000 	C:\WINDOWS\System32\ole32.dll
0x00007ffaba620000 - 0x00007ffabadb8000 	C:\WINDOWS\System32\SHELL32.dll
0x00007ffab6890000 - 0x00007ffab713e000 	C:\WINDOWS\SYSTEM32\windows.storage.dll
0x00007ffaba520000 - 0x00007ffaba61b000 	C:\WINDOWS\System32\SHCORE.dll
0x00007ffab9b90000 - 0x00007ffab9bf6000 	C:\WINDOWS\System32\shlwapi.dll
0x00007ffab8d80000 - 0x00007ffab8da9000 	C:\WINDOWS\SYSTEM32\profapi.dll
0x00007ffa09c90000 - 0x00007ffa09d67000 	C:\Program Files\Java\jdk-23\bin\jsvml.dll
0x00007ffa41f90000 - 0x00007ffa41fa7000 	C:\Program Files\Java\jdk-23\bin\zip.dll
0x00007ffa98780000 - 0x00007ffa98790000 	C:\Program Files\Java\jdk-23\bin\net.dll
0x00007ffab80f0000 - 0x00007ffab815c000 	C:\WINDOWS\system32\mswsock.dll
0x00007ffa41f70000 - 0x00007ffa41f86000 	C:\Program Files\Java\jdk-23\bin\nio.dll
0x00007ffa727d0000 - 0x00007ffa727e0000 	C:\Program Files\Java\jdk-23\bin\verify.dll
0x00007ffaa7090000 - 0x00007ffaa70b7000 	C:\Users\91892\.gradle\native\660c5614fbf4a5f2a75b1949f50a0caf5cd603558e7d8a26e50b933a0cfb79d1\windows-amd64\native-platform.dll
0x00007ffa0e1b0000 - 0x00007ffa0e227000 	C:\Users\91892\.gradle\native\0.2.8\x86_64-windows-gnu\gradle-fileevents.dll
0x00007ffa64960000 - 0x00007ffa6496a000 	C:\Program Files\Java\jdk-23\bin\management.dll
0x00007ffa5f030000 - 0x00007ffa5f03b000 	C:\Program Files\Java\jdk-23\bin\management_ext.dll
0x00007ffaba250000 - 0x00007ffaba258000 	C:\WINDOWS\System32\PSAPI.DLL
0x00007ffab74b0000 - 0x00007ffab74e3000 	C:\WINDOWS\SYSTEM32\IPHLPAPI.DLL
0x00007ffabb980000 - 0x00007ffabb98a000 	C:\WINDOWS\System32\NSI.dll
0x00007ffa5d060000 - 0x00007ffa5d069000 	C:\Program Files\Java\jdk-23\bin\extnet.dll
0x00007ffab8400000 - 0x00007ffab841b000 	C:\WINDOWS\SYSTEM32\CRYPTSP.dll
0x00007ffab7a70000 - 0x00007ffab7aa9000 	C:\WINDOWS\system32\rsaenh.dll
0x00007ffab81a0000 - 0x00007ffab81d4000 	C:\WINDOWS\SYSTEM32\USERENV.dll
0x00007ffab8d50000 - 0x00007ffab8d7a000 	C:\WINDOWS\SYSTEM32\bcrypt.dll
0x00007ffab83e0000 - 0x00007ffab83ec000 	C:\WINDOWS\SYSTEM32\CRYPTBASE.dll
0x00007ffa7f9f0000 - 0x00007ffa7f9fe000 	C:\Program Files\Java\jdk-23\bin\sunmscapi.dll
0x00007ffab97f0000 - 0x00007ffab996e000 	C:\WINDOWS\System32\CRYPT32.dll
0x00007ffab8620000 - 0x00007ffab8650000 	C:\WINDOWS\SYSTEM32\ncrypt.dll
0x00007ffab85d0000 - 0x00007ffab860f000 	C:\WINDOWS\SYSTEM32\NTASN1.dll
0x00007ffa827a0000 - 0x00007ffa827a8000 	C:\WINDOWS\system32\wshunix.dll
0x00007ffa44410000 - 0x00007ffa44417000 	C:\Program Files\Java\jdk-23\bin\rmi.dll
0x00007ffab7c60000 - 0x00007ffab7c96000 	C:\WINDOWS\SYSTEM32\ntmarta.dll
0x00007ffab7540000 - 0x00007ffab7698000 	C:\WINDOWS\SYSTEM32\DNSAPI.dll
0x00007ffab7ed0000 - 0x00007ffab7edd000 	C:\WINDOWS\SYSTEM32\DSPARSE.dll
0x00007ffaa5e60000 - 0x00007ffaa5e6b000 	C:\Windows\System32\rasadhlp.dll
0x00007ffaacd70000 - 0x00007ffaacdf6000 	C:\WINDOWS\System32\fwpuclnt.dll

dbghelp: loaded successfully - version: 4.0.5 - missing functions: none
symbol engine: initialized successfully - sym options: 0x614 - pdb path: .;C:\Program Files\Java\jdk-23\bin;C:\WINDOWS\SYSTEM32;C:\WINDOWS\WinSxS\amd64_microsoft.windows.common-controls_6595b64144ccf1df_6.0.26100.9278_none_3e0d1ba8e3303201;C:\Program Files\Java\jdk-23\bin\server;C:\Users\91892\.gradle\native\660c5614fbf4a5f2a75b1949f50a0caf5cd603558e7d8a26e50b933a0cfb79d1\windows-amd64;C:\Users\91892\.gradle\native\0.2.8\x86_64-windows-gnu

VM Arguments:
jvm_args: --add-opens=java.base/java.lang=ALL-UNNAMED --add-opens=java.base/java.lang.invoke=ALL-UNNAMED --add-opens=java.base/java.util=ALL-UNNAMED --add-opens=java.prefs/java.util.prefs=ALL-UNNAMED --add-exports=jdk.compiler/com.sun.tools.javac.api=ALL-UNNAMED --add-exports=jdk.compiler/com.sun.tools.javac.util=ALL-UNNAMED --add-opens=java.base/java.util=ALL-UNNAMED --add-opens=java.prefs/java.util.prefs=ALL-UNNAMED --add-opens=java.base/java.nio.charset=ALL-UNNAMED --add-opens=java.base/java.net=ALL-UNNAMED --add-opens=java.base/java.util.concurrent=ALL-UNNAMED --add-opens=java.base/java.util.concurrent.atomic=ALL-UNNAMED --add-opens=java.xml/javax.xml.namespace=ALL-UNNAMED --add-opens=java.base/java.time=ALL-UNNAMED -XX:MaxMetaspaceSize=4G -XX:ReservedCodeCacheSize=512m -XX:+HeapDumpOnOutOfMemoryError -Xmx8G -Dfile.encoding=UTF-8 -Duser.country=IN -Duser.language=en -Duser.variant -javaagent:C:\Users\91892\.gradle\wrapper\dists\gradle-9.3.1-all\9ot9r568e8zfvvd4mn8rbu1j0\gradle-9.3.1\lib\agents\gradle-instrumentation-agent-9.3.1.jar 
java_command: org.gradle.launcher.daemon.bootstrap.GradleDaemon 9.3.1
java_class_path (initial): C:\Users\91892\.gradle\wrapper\dists\gradle-9.3.1-all\9ot9r568e8zfvvd4mn8rbu1j0\gradle-9.3.1\lib\gradle-daemon-main-9.3.1.jar
Launcher Type: SUN_STANDARD

[Global flags]
     intx CICompilerCount                          = 4                                         {product} {ergonomic}
     uint ConcGCThreads                            = 2                                         {product} {ergonomic}
     uint G1ConcRefinementThreads                  = 8                                         {product} {ergonomic}
   size_t G1HeapRegionSize                         = 4194304                                   {product} {ergonomic}
     bool HeapDumpOnOutOfMemoryError               = true                                   {manageable} {command line}
   size_t InitialHeapSize                          = 130023424                                 {product} {ergonomic}
   size_t MarkStackSize                            = 4194304                                   {product} {ergonomic}
   size_t MarkStackSizeMax                         = 536870912                                 {product} {ergonomic}
   size_t MaxHeapSize                              = 8589934592                                {product} {command line}
   size_t MaxMetaspaceSize                         = 4294967296                                {product} {command line}
   size_t MaxNewSize                               = 5150605312                                {product} {ergonomic}
   size_t MinHeapDeltaBytes                        = 4194304                                   {product} {ergonomic}
   size_t MinHeapSize                              = 8388608                                   {product} {ergonomic}
    uintx NonNMethodCodeHeapSize                   = 5832704                                {pd product} {ergonomic}
    uintx NonProfiledCodeHeapSize                  = 265551872                              {pd product} {ergonomic}
    uintx ProfiledCodeHeapSize                     = 265486336                              {pd product} {ergonomic}
    uintx ReservedCodeCacheSize                    = 536870912                              {pd product} {command line, ergonomic}
     bool SegmentedCodeCache                       = true                                      {product} {ergonomic}
   size_t SoftMaxHeapSize                          = 8589934592                             {manageable} {ergonomic}
     bool UseCompressedOops                        = true                           {product lp64_product} {ergonomic}
     bool UseG1GC                                  = true                                      {product} {ergonomic}
     bool UseLargePagesIndividualAllocation        = false                                  {pd product} {ergonomic}

Logging:
Log output configuration:
 #0: stdout all=warning uptime,level,tags foldmultilines=false
 #1: stderr all=off uptime,level,tags foldmultilines=false

Environment Variables:
PATH=C:\Program Files\Python311\Scripts\;C:\Program Files\Python311\;C:\Python313\Scripts\;C:\Python313\;C:\Program Files\Common Files\Oracle\Java\javapath;C:\Program Files (x86)\Common Files\Oracle\Java\java8path;C:\Program Files (x86)\Common Files\Oracle\Java\javapath;C:\Program Files (x86)\Common Files\Intel\Shared Libraries\redist\intel64\compiler;C:\WINDOWS\system32;C:\WINDOWS;C:\WINDOWS\System32\Wbem;C:\WINDOWS\System32\WindowsPowerShell\v1.0\;C:\WINDOWS\System32\OpenSSH\;C:\MinGW\bin;C:\Program Files (x86)\Windows Kits\10\Windows Performance Toolkit\;C:\Program Files\dotnet\;C:\Program Files\Java\jdk-23\bin;C:\MinGW\bin;C:\MinGW\bin;C:\ProgramData\chocolatey\bin;C:\Program Files\nodejs;C:\Program Files\nodejs\;D:\flutter\bin;C:\Users\91892\AppData\Local\Android\Sdk\platform-tools;C:\Users\91892\AppData\Local\Android\Sdk\cmdline-tools\latest\bin;C:\Users\91892\Downloads\apache-maven-3.9.12-bin\apache-maven-3.9.12\bin;C:\Program Files\MongoDB\Server\8.2\bin;C:\Program Files\Docker\Docker\resources\bin;C:\Users\91892\Miniconda3;C:\Users\91892\Miniconda3\Scripts;C:\Users\91892\Miniconda3\Library\bin;C:\flutter\bin;C:\Program Files\PostgreSQL\17\bin;C:\Program Files\Git\cmd;C:\Users\91892\AppData\Local\agy\bin;C:\Users\91892\AppData\Local\Programs\Python\Python310\Scripts\;C:\Users\91892\AppData\Local\Programs\Python\Python310\;C:\Users\91892\AppData\Local\Microsoft\WindowsApps;C:\Users\91892\AppData\Roaming\npm;C:\Users\91892\AppData\Local\Programs\Ollama;C:\Users\91892\AppData\Local\Programs\mongosh\;C:\Users\91892\AppData\Local\Programs\Microsoft VS Code\bin;C:\Program Files\JetBrains\IntelliJ IDEA 2026.1.4\bin;C:\Users\91892\google-cloud-sdk\google-cloud-sdk\bin;C:\Users\91892\AppData\Local\Google\Cloud SDK\google-cloud-sdk\bin;C:\Users\91892\AppData\Local\Microsoft\WinGet\Links;C:\src\flutter\bin;
USERNAME=91892
OS=Windows_NT
PROCESSOR_IDENTIFIER=Intel64 Family 6 Model 154 Stepping 4, GenuineIntel
TMP=C:\Users\91892\AppData\Local\Temp
TEMP=C:\Users\91892\AppData\Local\Temp




Periodic native trim disabled

---------------  S Y S T E M  ---------------

OS:
 Windows 11 , 64 bit Build 26100 (10.0.26100.9444)
OS uptime: 1 days 10:44 hours
Hyper-V role detected

CPU: total 8 (initial active 8) (4 cores per cpu, 2 threads per core) family 6 model 154 stepping 4 microcode 0x42c, cx8, cmov, fxsr, ht, mmx, 3dnowpref, sse, sse2, sse3, ssse3, sse4.1, sse4.2, popcnt, lzcnt, tsc, tscinvbit, avx, avx2, aes, erms, clmul, bmi1, bmi2, adx, sha, fma, vzeroupper, clflush, clflushopt, clwb, hv, serialize, rdtscp, rdpid, fsrm, gfni, f16c, cet_ibt, cet_ss
Processor Information for processor 0
  Max Mhz: 1200, Current Mhz: 1200, Mhz Limit: 1200
Processor Information for processor 1
  Max Mhz: 1200, Current Mhz: 1200, Mhz Limit: 1200
Processor Information for processor 2
  Max Mhz: 1200, Current Mhz: 1200, Mhz Limit: 1200
Processor Information for processor 3
  Max Mhz: 1200, Current Mhz: 1200, Mhz Limit: 1200
Processor Information for processor 4
  Max Mhz: 1200, Current Mhz: 900, Mhz Limit: 900
Processor Information for processor 5
  Max Mhz: 1200, Current Mhz: 900, Mhz Limit: 900
Processor Information for processor 6
  Max Mhz: 1200, Current Mhz: 900, Mhz Limit: 900
Processor Information for processor 7
  Max Mhz: 1200, Current Mhz: 900, Mhz Limit: 900

Memory: 4k page, system-wide physical 7863M (317M free)
TotalPageFile size 32439M (AvailPageFile size 1049M)
current process WorkingSet (physical memory assigned to process): 851M, peak: 1790M
current process commit charge ("private bytes"): 4327M, peak: 6246M

vm_info: Java HotSpot(TM) 64-Bit Server VM (23.0.1+11-39) for windows-amd64 JRE (23.0.1+11-39), built on 2024-09-30T07:20:43Z with MS VC++ 17.6 (VS2022)

END.
